id;nodeHV;nodeLV;type;tappos;autoTap;autoTapSide;loadingMax;substation;subnet;voltLvl
EHV Trafo 1;EHV Bus 519;EHV Bus 1975;Typ_x_380/220;0;0;LV;100;NULL;EHV1;1
EHV Trafo 2;EHV Bus 520;EHV Bus 1976;Typ_x_380/220;0;0;LV;100;NULL;EHV1;1
EHV Trafo 3;EHV Bus 521;EHV Bus 1977;Typ_x_380/220;0;1;LV;100;NULL;EHV1;1
EHV Trafo 4;EHV Bus 522;EHV Bus 1978;Typ_x_380/220;0;1;LV;100;NULL;EHV1;1
EHV Trafo 5;EHV Bus 523;EHV Bus 1979;Typ_x_380/220;0;1;LV;100;NULL;EHV1;1
EHV Trafo 6;EHV Bus 524;EHV Bus 1980;Typ_x_380/220;0;1;LV;100;NULL;EHV1;1
EHV Trafo 7;EHV Bus 525;EHV Bus 1981;Typ_x_380/220;0;1;LV;100;NULL;EHV1;1
EHV Trafo 8;EHV Bus 526;EHV Bus 1982;Typ_x_380/220;0;1;LV;100;NULL;EHV1;1
EHV Trafo 9;EHV Bus 527;EHV Bus 1983;Typ_x_380/220;0;1;LV;100;NULL;EHV1;1
EHV Trafo 10;EHV Bus 528;EHV Bus 1984;Typ_x_380/220;0;1;LV;100;NULL;EHV1;1
EHV Trafo 11;EHV Bus 529;EHV Bus 1985;Typ_x_380/220;0;1;LV;100;NULL;EHV1;1
EHV Trafo 12;EHV Bus 530;EHV Bus 1986;Typ_x_380/220;0;1;LV;100;NULL;EHV1;1
EHV Trafo 13;EHV Bus 531;EHV Bus 1987;Typ_x_380/220;0;1;LV;100;NULL;EHV1;1
EHV Trafo 14;EHV Bus 532;EHV Bus 1988;Typ_x_380/220;0;1;LV;100;NULL;EHV1;1
EHV Trafo 15;EHV Bus 533;EHV Bus 1989;Typ_x_380/220;0;1;LV;100;NULL;EHV1;1
EHV Trafo 16;EHV Bus 534;EHV Bus 1990;Typ_x_380/220;0;1;LV;100;NULL;EHV1;1
EHV Trafo 17;EHV Bus 535;EHV Bus 1991;Typ_x_380/220;0;1;LV;100;NULL;EHV1;1
EHV Trafo 18;EHV Bus 536;EHV Bus 1992;Typ_x_380/220;0;1;LV;100;NULL;EHV1;1
EHV Trafo 19;EHV Bus 537;EHV Bus 1993;Typ_x_380/220;0;1;LV;100;NULL;EHV1;1
EHV Trafo 20;EHV Bus 538;EHV Bus 1994;Typ_x_380/220;0;1;LV;100;NULL;EHV1;1
EHV Trafo 21;EHV Bus 539;EHV Bus 1995;Typ_x_380/220;0;1;LV;100;NULL;EHV1;1
EHV Trafo 22;EHV Bus 540;EHV Bus 1996;Typ_x_380/220;0;1;LV;100;NULL;EHV1;1
EHV Trafo 23;EHV Bus 541;EHV Bus 1997;Typ_x_380/220;0;1;LV;100;NULL;EHV1;1
EHV Trafo 24;EHV Bus 542;EHV Bus 1998;Typ_x_380/220;0;1;LV;100;NULL;EHV1;1
EHV Trafo 25;EHV Bus 543;EHV Bus 1999;Typ_x_380/220;0;0;LV;100;NULL;EHV1;1
EHV Trafo 26;EHV Bus 544;EHV Bus 2000;Typ_x_380/220;0;0;LV;100;NULL;EHV1;1
EHV Trafo 27;EHV Bus 545;EHV Bus 2001;Typ_x_380/220;0;1;LV;100;NULL;EHV1;1
EHV Trafo 28;EHV Bus 546;EHV Bus 2002;Typ_x_380/220;0;1;LV;100;NULL;EHV1;1
EHV Trafo 29;EHV Bus 547;EHV Bus 2003;Typ_x_380/220;0;1;LV;100;NULL;EHV1;1
EHV Trafo 30;EHV Bus 548;EHV Bus 2004;Typ_x_380/220;0;1;LV;100;NULL;EHV1;1
EHV Trafo 31;EHV Bus 549;EHV Bus 2005;Typ_x_380/220;0;1;LV;100;NULL;EHV1;1
EHV Trafo 32;EHV Bus 550;EHV Bus 2006;Typ_x_380/220;0;1;LV;100;NULL;EHV1;1
EHV Trafo 33;EHV Bus 551;EHV Bus 2007;Typ_x_380/220;0;1;LV;100;NULL;EHV1;1
EHV Trafo 34;EHV Bus 552;EHV Bus 2008;Typ_x_380/220;0;1;LV;100;NULL;EHV1;1
EHV Trafo 35;EHV Bus 553;EHV Bus 2009;Typ_x_380/220;0;0;LV;100;NULL;EHV1;1
EHV Trafo 36;EHV Bus 554;EHV Bus 2010;Typ_x_380/220;0;0;LV;100;NULL;EHV1;1
EHV Trafo 37;EHV Bus 555;EHV Bus 2011;Typ_x_380/220;0;1;LV;100;NULL;EHV1;1
EHV Trafo 38;EHV Bus 556;EHV Bus 2012;Typ_x_380/220;0;1;LV;100;NULL;EHV1;1
EHV Trafo 39;EHV Bus 557;EHV Bus 2013;Typ_x_380/220;0;1;LV;100;NULL;EHV1;1
EHV Trafo 40;EHV Bus 558;EHV Bus 2014;Typ_x_380/220;0;1;LV;100;NULL;EHV1;1
EHV Trafo 41;EHV Bus 559;EHV Bus 2015;Typ_x_380/220;0;1;LV;100;NULL;EHV1;1
EHV Trafo 42;EHV Bus 560;EHV Bus 2016;Typ_x_380/220;0;1;LV;100;NULL;EHV1;1
EHV Trafo 43;EHV Bus 561;EHV Bus 2017;Typ_x_380/220;0;1;LV;100;NULL;EHV1;1
EHV Trafo 44;EHV Bus 562;EHV Bus 2018;Typ_x_380/220;0;1;LV;100;NULL;EHV1;1
EHV Trafo 45;EHV Bus 563;EHV Bus 2019;Typ_x_380/220;0;1;LV;100;NULL;EHV1;1
EHV Trafo 46;EHV Bus 564;EHV Bus 2020;Typ_x_380/220;0;1;LV;100;NULL;EHV1;1
EHV Trafo 47;EHV Bus 565;EHV Bus 2021;Typ_x_380/220;0;1;LV;100;NULL;EHV1;1
EHV Trafo 48;EHV Bus 566;EHV Bus 2022;Typ_x_380/220;0;1;LV;100;NULL;EHV1;1
EHV Trafo 49;EHV Bus 567;EHV Bus 2023;Typ_x_380/220;0;1;LV;100;NULL;EHV1;1
EHV Trafo 50;EHV Bus 568;EHV Bus 2024;Typ_x_380/220;0;1;LV;100;NULL;EHV1;1
EHV Trafo 51;EHV Bus 569;EHV Bus 2025;Typ_x_380/220;0;1;LV;100;NULL;EHV1;1
EHV Trafo 52;EHV Bus 570;EHV Bus 2026;Typ_x_380/220;0;1;LV;100;NULL;EHV1;1
EHV Trafo 53;EHV Bus 571;EHV Bus 2027;Typ_x_380/220;0;1;LV;100;NULL;EHV1;1
EHV Trafo 54;EHV Bus 572;EHV Bus 2028;Typ_x_380/220;0;1;LV;100;NULL;EHV1;1
EHV Trafo 55;EHV Bus 573;EHV Bus 2029;Typ_x_380/220;0;1;LV;100;NULL;EHV1;1
EHV Trafo 56;EHV Bus 574;EHV Bus 2030;Typ_x_380/220;0;1;LV;100;NULL;EHV1;1
EHV Trafo 57;EHV Bus 575;EHV Bus 2031;Typ_x_380/220;0;1;LV;100;NULL;EHV1;1
EHV Trafo 58;EHV Bus 576;EHV Bus 2032;Typ_x_380/220;0;1;LV;100;NULL;EHV1;1
EHV Trafo 59;EHV Bus 577;EHV Bus 2033;Typ_x_380/220;0;1;LV;100;NULL;EHV1;1
EHV Trafo 60;EHV Bus 578;EHV Bus 2034;Typ_x_380/220;0;1;LV;100;NULL;EHV1;1
EHV Trafo 61;EHV Bus 579;EHV Bus 2035;Typ_x_380/220;0;1;LV;100;NULL;EHV1;1
EHV Trafo 62;EHV Bus 580;EHV Bus 2036;Typ_x_380/220;0;1;LV;100;NULL;EHV1;1
EHV Trafo 63;EHV Bus 581;EHV Bus 2037;Typ_x_380/220;0;0;LV;100;NULL;EHV1;1
EHV Trafo 64;EHV Bus 582;EHV Bus 2038;Typ_x_380/220;0;0;LV;100;NULL;EHV1;1
EHV Trafo 65;EHV Bus 583;EHV Bus 2039;Typ_x_380/220;0;1;LV;100;NULL;EHV1;1
EHV Trafo 66;EHV Bus 584;EHV Bus 2040;Typ_x_380/220;0;1;LV;100;NULL;EHV1;1
EHV Trafo 67;EHV Bus 585;EHV Bus 2041;Typ_x_380/220;0;1;LV;100;NULL;EHV1;1
EHV Trafo 68;EHV Bus 586;EHV Bus 2042;Typ_x_380/220;0;1;LV;100;NULL;EHV1;1
EHV Trafo 69;EHV Bus 587;EHV Bus 2043;Typ_x_380/220;0;1;LV;100;NULL;EHV1;1
EHV Trafo 70;EHV Bus 588;EHV Bus 2044;Typ_x_380/220;0;1;LV;100;NULL;EHV1;1
EHV Trafo 71;EHV Bus 589;EHV Bus 2045;Typ_x_380/220;0;1;LV;100;NULL;EHV1;1
EHV Trafo 72;EHV Bus 590;EHV Bus 2046;Typ_x_380/220;0;1;LV;100;NULL;EHV1;1
EHV Trafo 73;EHV Bus 591;EHV Bus 2047;Typ_x_380/220;0;1;LV;100;NULL;EHV1;1
EHV Trafo 74;EHV Bus 592;EHV Bus 2048;Typ_x_380/220;0;1;LV;100;NULL;EHV1;1
EHV Trafo 75;EHV Bus 593;EHV Bus 2049;Typ_x_380/220;0;1;LV;100;NULL;EHV1;1
EHV Trafo 76;EHV Bus 594;EHV Bus 2050;Typ_x_380/220;0;1;LV;100;NULL;EHV1;1
EHV Trafo 77;EHV Bus 595;EHV Bus 2051;Typ_x_380/220;0;1;LV;100;NULL;EHV1;1
EHV Trafo 78;EHV Bus 596;EHV Bus 2052;Typ_x_380/220;0;1;LV;100;NULL;EHV1;1
EHV Trafo 79;EHV Bus 597;EHV Bus 2053;Typ_x_380/220;0;0;LV;100;NULL;EHV1;1
EHV Trafo 80;EHV Bus 598;EHV Bus 2054;Typ_x_380/220;0;0;LV;100;NULL;EHV1;1
EHV Trafo 81;EHV Bus 599;EHV Bus 2055;Typ_x_380/220;0;1;LV;100;NULL;EHV1;1
EHV Trafo 82;EHV Bus 600;EHV Bus 2056;Typ_x_380/220;0;1;LV;100;NULL;EHV1;1
EHV Trafo 83;EHV Bus 601;EHV Bus 2057;Typ_x_380/220;0;1;LV;100;NULL;EHV1;1
EHV Trafo 84;EHV Bus 602;EHV Bus 2058;Typ_x_380/220;0;1;LV;100;NULL;EHV1;1
EHV Trafo 85;EHV Bus 603;EHV Bus 2059;Typ_x_380/220;0;1;LV;100;NULL;EHV1;1
EHV Trafo 86;EHV Bus 604;EHV Bus 2060;Typ_x_380/220;0;1;LV;100;NULL;EHV1;1
EHV Trafo 87;EHV Bus 605;EHV Bus 2061;Typ_x_380/220;0;1;LV;100;NULL;EHV1;1
EHV Trafo 88;EHV Bus 606;EHV Bus 2062;Typ_x_380/220;0;1;LV;100;NULL;EHV1;1
EHV Trafo 89;EHV Bus 607;EHV Bus 2063;Typ_x_380/220;0;1;LV;100;NULL;EHV1;1
EHV Trafo 90;EHV Bus 608;EHV Bus 2064;Typ_x_380/220;0;1;LV;100;NULL;EHV1;1
EHV Trafo 91;EHV Bus 609;EHV Bus 2065;Typ_x_380/220;0;1;LV;100;NULL;EHV1;1
EHV Trafo 92;EHV Bus 610;EHV Bus 2066;Typ_x_380/220;0;1;LV;100;NULL;EHV1;1
EHV Trafo 93;EHV Bus 611;EHV Bus 2067;Typ_x_380/220;0;1;LV;100;NULL;EHV1;1
EHV Trafo 94;EHV Bus 612;EHV Bus 2068;Typ_x_380/220;0;1;LV;100;NULL;EHV1;1
EHV Trafo 95;EHV Bus 613;EHV Bus 2069;Typ_x_380/220;0;1;LV;100;NULL;EHV1;1
EHV Trafo 96;EHV Bus 614;EHV Bus 2070;Typ_x_380/220;0;1;LV;100;NULL;EHV1;1
EHV Trafo 97;EHV Bus 615;EHV Bus 2071;Typ_x_380/220;0;0;LV;100;NULL;EHV1;1
EHV Trafo 98;EHV Bus 616;EHV Bus 2072;Typ_x_380/220;0;0;LV;100;NULL;EHV1;1
EHV Trafo 99;EHV Bus 617;EHV Bus 2073;Typ_x_380/220;0;1;LV;100;NULL;EHV1;1
EHV Trafo 100;EHV Bus 618;EHV Bus 2074;Typ_x_380/220;0;1;LV;100;NULL;EHV1;1
EHV Trafo 101;EHV Bus 619;EHV Bus 2075;Typ_x_380/220;0;0;LV;100;NULL;EHV1;1
EHV Trafo 102;EHV Bus 620;EHV Bus 2076;Typ_x_380/220;0;0;LV;100;NULL;EHV1;1
EHV Trafo 103;EHV Bus 621;EHV Bus 2077;Typ_x_380/220;0;1;LV;100;NULL;EHV1;1
EHV Trafo 104;EHV Bus 622;EHV Bus 2078;Typ_x_380/220;0;1;LV;100;NULL;EHV1;1
EHV Trafo 105;EHV Bus 623;EHV Bus 2079;Typ_x_380/220;0;1;LV;100;NULL;EHV1;1
EHV Trafo 106;EHV Bus 624;EHV Bus 2080;Typ_x_380/220;0;1;LV;100;NULL;EHV1;1
EHV Trafo 107;EHV Bus 625;EHV Bus 2081;Typ_x_380/220;0;1;LV;100;NULL;EHV1;1
EHV Trafo 108;EHV Bus 626;EHV Bus 2082;Typ_x_380/220;0;1;LV;100;NULL;EHV1;1
EHV Trafo 109;EHV Bus 627;EHV Bus 2083;Typ_x_380/220;0;1;LV;100;NULL;EHV1;1
EHV Trafo 110;EHV Bus 628;EHV Bus 2084;Typ_x_380/220;0;1;LV;100;NULL;EHV1;1
EHV Trafo 111;EHV Bus 629;EHV Bus 2085;Typ_x_380/220;0;1;LV;100;NULL;EHV1;1
EHV Trafo 112;EHV Bus 630;EHV Bus 2086;Typ_x_380/220;0;1;LV;100;NULL;EHV1;1
EHV Trafo 113;EHV Bus 631;EHV Bus 2087;Typ_x_380/220;0;1;LV;100;NULL;EHV1;1
EHV Trafo 114;EHV Bus 632;EHV Bus 2088;Typ_x_380/220;0;1;LV;100;NULL;EHV1;1
EHV Trafo 115;EHV Bus 633;EHV Bus 2089;Typ_x_380/220;0;1;LV;100;NULL;EHV1;1
EHV Trafo 116;EHV Bus 634;EHV Bus 2090;Typ_x_380/220;0;1;LV;100;NULL;EHV1;1
EHV Trafo 117;EHV Bus 635;EHV Bus 2091;Typ_x_380/220;0;1;LV;100;NULL;EHV1;1
EHV Trafo 118;EHV Bus 636;EHV Bus 2092;Typ_x_380/220;0;1;LV;100;NULL;EHV1;1
EHV Trafo 119;EHV Bus 637;EHV Bus 2093;Typ_x_380/220;0;1;LV;100;NULL;EHV1;1
EHV Trafo 120;EHV Bus 638;EHV Bus 2094;Typ_x_380/220;0;1;LV;100;NULL;EHV1;1
EHV Trafo 121;EHV Bus 639;EHV Bus 2095;Typ_x_380/220;0;1;LV;100;NULL;EHV1;1
EHV Trafo 122;EHV Bus 640;EHV Bus 2096;Typ_x_380/220;0;1;LV;100;NULL;EHV1;1
EHV Trafo 123;EHV Bus 641;EHV Bus 2097;Typ_x_380/220;0;1;LV;100;NULL;EHV1;1
EHV Trafo 124;EHV Bus 642;EHV Bus 2098;Typ_x_380/220;0;1;LV;100;NULL;EHV1;1
EHV Trafo 125;EHV Bus 643;EHV Bus 2099;Typ_x_380/220;0;1;LV;100;NULL;EHV1;1
EHV Trafo 126;EHV Bus 644;EHV Bus 2100;Typ_x_380/220;0;1;LV;100;NULL;EHV1;1
EHV Trafo 127;EHV Bus 645;EHV Bus 2101;Typ_x_380/220;0;1;LV;100;NULL;EHV1;1
EHV Trafo 128;EHV Bus 646;EHV Bus 2102;Typ_x_380/220;0;1;LV;100;NULL;EHV1;1
EHV Trafo 129;EHV Bus 647;EHV Bus 2103;Typ_x_380/220;0;1;LV;100;NULL;EHV1;1
EHV Trafo 130;EHV Bus 648;EHV Bus 2104;Typ_x_380/220;0;1;LV;100;NULL;EHV1;1
EHV Trafo 131;EHV Bus 649;EHV Bus 2105;Typ_x_380/220;0;1;LV;100;NULL;EHV1;1
EHV Trafo 132;EHV Bus 650;EHV Bus 2106;Typ_x_380/220;0;1;LV;100;NULL;EHV1;1
EHV Trafo 133;EHV Bus 651;EHV Bus 2107;Typ_x_380/220;0;1;LV;100;NULL;EHV1;1
EHV Trafo 134;EHV Bus 652;EHV Bus 2108;Typ_x_380/220;0;1;LV;100;NULL;EHV1;1
EHV Trafo 135;EHV Bus 653;EHV Bus 2109;Typ_x_380/220;0;1;LV;100;NULL;EHV1;1
EHV Trafo 136;EHV Bus 654;EHV Bus 2110;Typ_x_380/220;0;1;LV;100;NULL;EHV1;1
EHV Trafo 137;EHV Bus 655;EHV Bus 2111;Typ_x_380/220;0;0;LV;100;NULL;EHV1;1
EHV Trafo 138;EHV Bus 656;EHV Bus 2112;Typ_x_380/220;0;0;LV;100;NULL;EHV1;1
EHV Trafo 139;EHV Bus 657;EHV Bus 2113;Typ_x_380/220;0;1;LV;100;NULL;EHV1;1
EHV Trafo 140;EHV Bus 658;EHV Bus 2114;Typ_x_380/220;0;1;LV;100;NULL;EHV1;1
EHV Trafo 141;EHV Bus 659;EHV Bus 2115;Typ_x_380/220;0;1;LV;100;NULL;EHV1;1
EHV Trafo 142;EHV Bus 660;EHV Bus 2116;Typ_x_380/220;0;1;LV;100;NULL;EHV1;1
EHV Trafo 143;EHV Bus 661;EHV Bus 2117;Typ_x_380/220;0;1;LV;100;NULL;EHV1;1
EHV Trafo 144;EHV Bus 662;EHV Bus 2118;Typ_x_380/220;0;1;LV;100;NULL;EHV1;1
EHV Trafo 145;EHV Bus 663;EHV Bus 2119;Typ_x_380/220;0;1;LV;100;NULL;EHV1;1
EHV Trafo 146;EHV Bus 664;EHV Bus 2120;Typ_x_380/220;0;1;LV;100;NULL;EHV1;1
EHV Trafo 147;EHV Bus 665;EHV Bus 2121;Typ_x_380/220;0;1;LV;100;NULL;EHV1;1
EHV Trafo 148;EHV Bus 666;EHV Bus 2122;Typ_x_380/220;0;1;LV;100;NULL;EHV1;1
EHV Trafo 149;EHV Bus 667;EHV Bus 2123;Typ_x_380/220;0;0;LV;100;NULL;EHV1;1
EHV Trafo 150;EHV Bus 668;EHV Bus 2124;Typ_x_380/220;0;0;LV;100;NULL;EHV1;1
EHV Trafo 151;EHV Bus 669;EHV Bus 2125;Typ_x_380/220;0;1;LV;100;NULL;EHV1;1
EHV Trafo 152;EHV Bus 670;EHV Bus 2126;Typ_x_380/220;0;1;LV;100;NULL;EHV1;1
EHV Trafo 153;EHV Bus 671;EHV Bus 2127;Typ_x_380/220;0;1;LV;100;NULL;EHV1;1
EHV Trafo 154;EHV Bus 672;EHV Bus 2128;Typ_x_380/220;0;1;LV;100;NULL;EHV1;1
EHV Trafo 155;EHV Bus 673;EHV Bus 2129;Typ_x_380/220;0;1;LV;100;NULL;EHV1;1
EHV Trafo 156;EHV Bus 674;EHV Bus 2130;Typ_x_380/220;0;1;LV;100;NULL;EHV1;1
EHV Trafo 157;EHV Bus 675;EHV Bus 2131;Typ_x_380/220;0;1;LV;100;NULL;EHV1;1
EHV Trafo 158;EHV Bus 676;EHV Bus 2132;Typ_x_380/220;0;1;LV;100;NULL;EHV1;1
EHV Trafo 159;EHV Bus 677;EHV Bus 2133;Typ_x_380/220;0;1;LV;100;NULL;EHV1;1
EHV Trafo 160;EHV Bus 678;EHV Bus 2134;Typ_x_380/220;0;1;LV;100;NULL;EHV1;1
EHV Trafo 161;EHV Bus 679;EHV Bus 2135;Typ_x_380/220;0;0;LV;100;NULL;EHV1;1
EHV Trafo 162;EHV Bus 680;EHV Bus 2136;Typ_x_380/220;0;0;LV;100;NULL;EHV1;1
EHV Trafo 163;EHV Bus 681;EHV Bus 2137;Typ_x_380/220;0;1;LV;100;NULL;EHV1;1
EHV Trafo 164;EHV Bus 682;EHV Bus 2138;Typ_x_380/220;0;1;LV;100;NULL;EHV1;1
EHV Trafo 165;EHV Bus 683;EHV Bus 2139;Typ_x_380/220;0;0;LV;100;NULL;EHV1;1
EHV Trafo 166;EHV Bus 684;EHV Bus 2140;Typ_x_380/220;0;0;LV;100;NULL;EHV1;1
EHV Trafo 167;EHV Bus 685;EHV Bus 2141;Typ_x_380/220;0;0;LV;100;NULL;EHV1;1
EHV Trafo 168;EHV Bus 686;EHV Bus 2142;Typ_x_380/220;0;0;LV;100;NULL;EHV1;1
EHV Trafo 169;EHV Bus 687;EHV Bus 2143;Typ_x_380/220;0;0;LV;100;NULL;EHV1;1
EHV Trafo 170;EHV Bus 688;EHV Bus 2144;Typ_x_380/220;0;0;LV;100;NULL;EHV1;1
EHV Trafo 171;EHV Bus 689;EHV Bus 2145;Typ_x_380/220;0;1;LV;100;NULL;EHV1;1
EHV Trafo 172;EHV Bus 690;EHV Bus 2146;Typ_x_380/220;0;1;LV;100;NULL;EHV1;1
EHV Trafo 173;EHV Bus 691;EHV Bus 2147;Typ_x_380/220;0;1;LV;100;NULL;EHV1;1
EHV Trafo 174;EHV Bus 692;EHV Bus 2148;Typ_x_380/220;0;1;LV;100;NULL;EHV1;1
EHV Trafo 175;EHV Bus 693;EHV Bus 2149;Typ_x_380/220;0;1;LV;100;NULL;EHV1;1
EHV Trafo 176;EHV Bus 694;EHV Bus 2150;Typ_x_380/220;0;1;LV;100;NULL;EHV1;1
EHV Trafo 177;EHV Bus 695;EHV Bus 2151;Typ_x_380/220;0;1;LV;100;NULL;EHV1;1
EHV Trafo 178;EHV Bus 696;EHV Bus 2152;Typ_x_380/220;0;1;LV;100;NULL;EHV1;1
EHV Trafo 179;EHV Bus 697;EHV Bus 2153;Typ_x_380/220;0;1;LV;100;NULL;EHV1;1
EHV Trafo 180;EHV Bus 698;EHV Bus 2154;Typ_x_380/220;0;1;LV;100;NULL;EHV1;1
EHV Trafo 181;EHV Bus 699;EHV Bus 2155;Typ_x_380/220;0;1;LV;100;NULL;EHV1;1
EHV Trafo 182;EHV Bus 700;EHV Bus 2156;Typ_x_380/220;0;1;LV;100;NULL;EHV1;1
EHV Trafo 183;EHV Bus 701;EHV Bus 2157;Typ_x_380/220;0;1;LV;100;NULL;EHV1;1
EHV Trafo 184;EHV Bus 702;EHV Bus 2158;Typ_x_380/220;0;1;LV;100;NULL;EHV1;1
EHV Trafo 185;EHV Bus 703;EHV Bus 2159;Typ_x_380/220;0;1;LV;100;NULL;EHV1;1
EHV Trafo 186;EHV Bus 704;EHV Bus 2160;Typ_x_380/220;0;1;LV;100;NULL;EHV1;1
EHV Trafo 187;EHV Bus 705;EHV Bus 2161;Typ_x_380/220;0;1;LV;100;NULL;EHV1;1
EHV Trafo 188;EHV Bus 706;EHV Bus 2162;Typ_x_380/220;0;1;LV;100;NULL;EHV1;1
EHV Trafo 189;EHV Bus 707;EHV Bus 2163;Typ_x_380/220;0;1;LV;100;NULL;EHV1;1
EHV Trafo 190;EHV Bus 708;EHV Bus 2164;Typ_x_380/220;0;1;LV;100;NULL;EHV1;1
EHV Trafo 191;EHV Bus 709;EHV Bus 2165;Typ_x_380/220;0;1;LV;100;NULL;EHV1;1
EHV Trafo 192;EHV Bus 710;EHV Bus 2166;Typ_x_380/220;0;1;LV;100;NULL;EHV1;1
EHV Trafo 193;EHV Bus 711;EHV Bus 2167;Typ_x_380/220;0;0;LV;100;NULL;EHV1;1
EHV Trafo 194;EHV Bus 712;EHV Bus 2168;Typ_x_380/220;0;0;LV;100;NULL;EHV1;1
EHV Trafo 195;EHV Bus 713;EHV Bus 2169;Typ_x_380/220;0;0;LV;100;NULL;EHV1;1
EHV Trafo 196;EHV Bus 714;EHV Bus 2170;Typ_x_380/220;0;1;LV;100;NULL;EHV1;1
EHV Trafo 197;EHV Bus 715;EHV Bus 2171;Typ_x_380/220;0;1;LV;100;NULL;EHV1;1
EHV Trafo 198;EHV Bus 716;EHV Bus 2172;Typ_x_380/220;0;1;LV;100;NULL;EHV1;1
EHV Trafo 199;EHV Bus 717;EHV Bus 2173;Typ_x_380/220;0;1;LV;100;NULL;EHV1;1
EHV Trafo 200;EHV Bus 718;EHV Bus 2174;Typ_x_380/220;0;1;LV;100;NULL;EHV1;1
EHV Trafo 201;EHV Bus 719;EHV Bus 2175;Typ_x_380/220;0;1;LV;100;NULL;EHV1;1
EHV Trafo 202;EHV Bus 720;EHV Bus 2176;Typ_x_380/220;0;0;LV;100;NULL;EHV1;1
EHV Trafo 203;EHV Bus 721;EHV Bus 2177;Typ_x_380/220;0;0;LV;100;NULL;EHV1;1
EHV Trafo 204;EHV Bus 722;EHV Bus 2178;Typ_x_380/220;0;1;LV;100;NULL;EHV1;1
EHV Trafo 205;EHV Bus 723;EHV Bus 2179;Typ_x_380/220;0;1;LV;100;NULL;EHV1;1
EHV Trafo 206;EHV Bus 1409;EHV Bus 3061;Typ_x_380/220;0;0;LV;100;NULL;EHV1;1
EHV Trafo 207;EHV Bus 1410;EHV Bus 3062;Typ_x_380/220;0;0;LV;100;NULL;EHV1;1
EHV Trafo 208;EHV Bus 1411;EHV Bus 3063;Typ_x_380/220;0;0;LV;100;NULL;EHV1;1
EHV Trafo 209;EHV Bus 1412;EHV Bus 3064;Typ_x_380/220;0;0;LV;100;NULL;EHV1;1
HV1 Trafo 1;EHV Bus 3086;HV1 Bus 123;350MVA_380/110;0;1;LV;100;EHV_HV_substation_2;HV1;2
HV1 Trafo 2;EHV Bus 3087;HV1 Bus 124;350MVA_380/110;0;1;LV;100;EHV_HV_substation_2;HV1;2
HV1 Trafo 3;EHV Bus 3088;HV1 Bus 125;300MVA_220/110;0;1;LV;100;EHV_HV_substation_3;HV1;2
HV1 Trafo 4;EHV Bus 3089;HV1 Bus 8_1;300MVA_220/110;0;1;LV;100;EHV_HV_substation_3;HV1;2
HV1 Trafo 5;EHV Bus 3090;HV1 Bus 126;350MVA_380/110;0;1;LV;100;EHV_HV_substation_1;HV1;2
HV1 Trafo 6;EHV Bus 3091;HV1 Bus 16_1;350MVA_380/110;0;1;LV;100;EHV_HV_substation_1;HV1;2
HV2 Trafo 1;EHV Bus 3093;HV2 Bus 9;300MVA_220/110;0;1;LV;100;EHV_HV_substation_4;HV2;2
HV2 Trafo 2;EHV Bus 3092;HV2 Bus 15;300MVA_220/110;0;1;LV;100;EHV_HV_substation_4;HV2;2
HV2 Trafo 3;EHV Bus 3094;HV2 Bus 22;300MVA_220/110;0;1;LV;100;EHV_HV_substation_4;HV2;2
HV1-MV1.101-Trafo1;HV1 Bus 17_1;MV1.101 busbar1.1_1;25 MVA 110/20 kV YNd5;0;1;LV;100;HV1_MV1.101_Substation;MV1.101;4
HV1-MV1.101-Trafo2;HV1 Bus 18_1;MV1.101 busbar1.2_1;25 MVA 110/20 kV YNd5;0;1;LV;100;HV1_MV1.101_Substation;MV1.101;4
HV1-MV1.102-Trafo1;HV1 Bus 29_1;MV1.102 busbar1.1_1;25 MVA 110/20 kV YNd5;0;1;LV;100;HV1_MV1.102_Substation;MV1.102;4
HV1-MV1.102-Trafo2;HV1 Bus 30_1;MV1.102 busbar1.2_1;25 MVA 110/20 kV YNd5;0;1;LV;100;HV1_MV1.102_Substation;MV1.102;4
HV1-MV1.103-Trafo1;HV1 Bus 41_1;MV1.103 busbar1.1_1;25 MVA 110/20 kV YNd5;0;1;LV;100;HV1_MV1.103_Substation;MV1.103;4
HV1-MV1.103-Trafo2;HV1 Bus 42_1;MV1.103 busbar1.2_1;25 MVA 110/20 kV YNd5;0;1;LV;100;HV1_MV1.103_Substation;MV1.103;4
HV1-MV1.104-Trafo1;HV1 Bus 49_1;MV1.104 busbar1.1_1;25 MVA 110/20 kV YNd5;0;1;LV;100;HV1_MV1.104_Substation;MV1.104;4
HV1-MV1.104-Trafo2;HV1 Bus 50_1;MV1.104 busbar1.2_1;25 MVA 110/20 kV YNd5;0;1;LV;100;HV1_MV1.104_Substation;MV1.104;4
HV1-MV1.105-Trafo1;HV1 Bus 66_1;MV1.105 busbar1.1_1;25 MVA 110/20 kV YNd5;0;1;LV;100;HV1_MV1.105_Substation;MV1.105;4
HV1-MV1.105-Trafo2;HV1 Bus 65_1;MV1.105 busbar1.2_1;25 MVA 110/20 kV YNd5;0;1;LV;100;HV1_MV1.105_Substation;MV1.105;4
HV1-MV1.106-Trafo1;HV1 Bus 69_1;MV1.106 busbar1.1_1;25 MVA 110/20 kV YNd5;0;1;LV;100;HV1_MV1.106_Substation;MV1.106;4
HV1-MV1.106-Trafo2;HV1 Bus 70_1;MV1.106 busbar1.2_1;25 MVA 110/20 kV YNd5;0;1;LV;100;HV1_MV1.106_Substation;MV1.106;4
HV1-MV1.107-Trafo1;HV1 Bus 75_1;MV1.107 busbar1.1_1;25 MVA 110/20 kV YNd5;0;1;LV;100;HV1_MV1.107_Substation;MV1.107;4
HV1-MV1.107-Trafo2;HV1 Bus 76_1;MV1.107 busbar1.2_1;25 MVA 110/20 kV YNd5;0;1;LV;100;HV1_MV1.107_Substation;MV1.107;4
HV1-MV1.108-Trafo1;HV1 Bus 102_1;MV1.108 busbar1.1_1;25 MVA 110/20 kV YNd5;0;1;LV;100;HV1_MV1.108_Substation;MV1.108;4
HV1-MV1.108-Trafo2;HV1 Bus 101_1;MV1.108 busbar1.2_1;25 MVA 110/20 kV YNd5;0;1;LV;100;HV1_MV1.108_Substation;MV1.108;4
HV1-MV2.101-Trafo1;HV1 Bus 19_1;MV2.101 busbar1.1_1;40 MVA 110/20 kV YNd5;0;1;LV;100;HV1_MV2.101_Substation;MV2.101;4
HV1-MV2.101-Trafo2;HV1 Bus 20_1;MV2.101 busbar1.2_1;40 MVA 110/20 kV YNd5;0;1;LV;100;HV1_MV2.101_Substation;MV2.101;4
HV1-MV2.102-Trafo1;HV1 Bus 89_1;MV2.102 busbar1.1_1;40 MVA 110/20 kV YNd5;0;1;LV;100;HV1_MV2.102_Substation;MV2.102;4
HV1-MV2.102-Trafo2;HV1 Bus 90_1;MV2.102 busbar1.2_1;40 MVA 110/20 kV YNd5;0;1;LV;100;HV1_MV2.102_Substation;MV2.102;4
HV1-MV2.103-Trafo1;HV1 Bus 93_1;MV2.103 busbar1.1_1;40 MVA 110/20 kV YNd5;0;1;LV;100;HV1_MV2.103_Substation;MV2.103;4
HV1-MV2.103-Trafo2;HV1 Bus 94_1;MV2.103 busbar1.2_1;40 MVA 110/20 kV YNd5;0;1;LV;100;HV1_MV2.103_Substation;MV2.103;4
HV1-MV3.101-Trafo1;HV1 Bus 25_1;MV3.101 node1;63 MVA 110/10 kV YNd5;-1;1;LV;50;HV1_MV3.101_Substation;MV3.101;4
HV1-MV3.101-Trafo2;HV1 Bus 26_1;MV3.101 node2;63 MVA 110/10 kV YNd5;-1;1;LV;50;HV1_MV3.101_Substation;MV3.101;4
HV1-MV3.102-Trafo1;HV1 Bus 47_1;MV3.102 node1;63 MVA 110/10 kV YNd5;-1;1;LV;50;HV1_MV3.102_Substation;MV3.102;4
HV1-MV3.102-Trafo2;HV1 Bus 48_1;MV3.102 node2;63 MVA 110/10 kV YNd5;-1;1;LV;50;HV1_MV3.102_Substation;MV3.102;4
HV1-MV3.103-Trafo1;HV1 Bus 55_1;MV3.103 node1;63 MVA 110/10 kV YNd5;-1;1;LV;50;HV1_MV3.103_Substation;MV3.103;4
HV1-MV3.103-Trafo2;HV1 Bus 56_1;MV3.103 node2;63 MVA 110/10 kV YNd5;-1;1;LV;50;HV1_MV3.103_Substation;MV3.103;4
HV1-MV4.101-Trafo1;HV1 Bus 13_1;MV4.101 busbar1.1_1;40 MVA 110/20 kV YNd5;0;1;LV;100;HV1_MV4.101_Substation;MV4.101;4
HV1-MV4.101-Trafo2;HV1 Bus 13_1;MV4.101 busbar1.3_1;40 MVA 110/20 kV YNd5;0;1;LV;100;HV1_MV4.101_Substation;MV4.101;4
HV2-MV1.201-Trafo1;HV2 Bus 59_1;MV1.201 busbar1.1_1;25 MVA 110/20 kV YNd5;0;1;LV;100;HV2_MV1.201_Substation;MV1.201;4
HV2-MV1.201-Trafo2;HV2 Bus 60_1;MV1.201 busbar1.2_1;25 MVA 110/20 kV YNd5;0;1;LV;100;HV2_MV1.201_Substation;MV1.201;4
HV2-MV1.202-Trafo1;HV2 Bus 96_1;MV1.202 busbar1.1_1;25 MVA 110/20 kV YNd5;0;1;LV;100;HV2_MV1.202_Substation;MV1.202;4
HV2-MV1.202-Trafo2;HV2 Bus 97_1;MV1.202 busbar1.2_1;25 MVA 110/20 kV YNd5;0;1;LV;100;HV2_MV1.202_Substation;MV1.202;4
HV2-MV1.203-Trafo1;HV2 Bus 204_1;MV1.203 busbar1.1_1;25 MVA 110/20 kV YNd5;0;1;LV;100;HV2_MV1.203_Substation;MV1.203;4
HV2-MV1.203-Trafo2;HV2 Bus 205_1;MV1.203 busbar1.2_1;25 MVA 110/20 kV YNd5;0;1;LV;100;HV2_MV1.203_Substation;MV1.203;4
HV2-MV1.204-Trafo1;HV2 Bus 304_1;MV1.204 busbar1.1_1;25 MVA 110/20 kV YNd5;0;1;LV;100;HV2_MV1.204_Substation;MV1.204;4
HV2-MV1.204-Trafo2;HV2 Bus 305_1;MV1.204 busbar1.2_1;25 MVA 110/20 kV YNd5;0;1;LV;100;HV2_MV1.204_Substation;MV1.204;4
HV2-MV1.205-Trafo1;HV2 Bus 347_1;MV1.205 busbar1.1_1;25 MVA 110/20 kV YNd5;0;1;LV;100;HV2_MV1.205_Substation;MV1.205;4
HV2-MV1.205-Trafo2;HV2 Bus 348_1;MV1.205 busbar1.2_1;25 MVA 110/20 kV YNd5;0;1;LV;100;HV2_MV1.205_Substation;MV1.205;4
HV2-MV2.201-Trafo1;HV2 Bus 86_1;MV2.201 busbar1.1_1;40 MVA 110/20 kV YNd5;0;1;LV;100;HV2_MV2.201_Substation;MV2.201;4
HV2-MV2.201-Trafo2;HV2 Bus 87_1;MV2.201 busbar1.2_1;40 MVA 110/20 kV YNd5;0;1;LV;100;HV2_MV2.201_Substation;MV2.201;4
HV2-MV2.202-Trafo1;HV2 Bus 310_1;MV2.202 busbar1.1_1;40 MVA 110/20 kV YNd5;0;1;LV;100;HV2_MV2.202_Substation;MV2.202;4
HV2-MV2.202-Trafo2;HV2 Bus 311_1;MV2.202 busbar1.2_1;40 MVA 110/20 kV YNd5;0;1;LV;100;HV2_MV2.202_Substation;MV2.202;4
HV2-MV2.203-Trafo1;HV2 Bus 290_1;MV2.203 busbar1.1_1;40 MVA 110/20 kV YNd5;0;1;LV;100;HV2_MV2.203_Substation;MV2.203;4
HV2-MV2.203-Trafo2;HV2 Bus 291_1;MV2.203 busbar1.2_1;40 MVA 110/20 kV YNd5;0;1;LV;100;HV2_MV2.203_Substation;MV2.203;4
HV2-MV3.201-Trafo1;HV2 Bus 83_1;MV3.201 node1;63 MVA 110/10 kV YNd5;-1;1;LV;50;HV2_MV3.201_Substation;MV3.201;4
HV2-MV3.201-Trafo2;HV2 Bus 84_1;MV3.201 node2;63 MVA 110/10 kV YNd5;-1;1;LV;50;HV2_MV3.201_Substation;MV3.201;4
HV2-MV3.202-Trafo1;HV2 Bus 195_1;MV3.202 node1;63 MVA 110/10 kV YNd5;-1;1;LV;50;HV2_MV3.202_Substation;MV3.202;4
HV2-MV3.202-Trafo2;HV2 Bus 196_1;MV3.202 node2;63 MVA 110/10 kV YNd5;-1;1;LV;50;HV2_MV3.202_Substation;MV3.202;4
HV2-MV4.201-Trafo1;HV2 Bus 162_1;MV4.201 busbar1.1_1;40 MVA 110/20 kV YNd5;0;1;LV;100;HV2_MV4.201_Substation;MV4.201;4
HV2-MV4.201-Trafo2;HV2 Bus 161_1;MV4.201 busbar1.3_1;40 MVA 110/20 kV YNd5;0;1;LV;100;HV2_MV4.201_Substation;MV4.201;4
HV2-MV4.202-Trafo1;HV2 Bus 164_1;MV4.202 busbar1.1_1;40 MVA 110/20 kV YNd5;0;1;LV;100;HV2_MV4.202_Substation;MV4.202;4
HV2-MV4.202-Trafo2;HV2 Bus 163_1;MV4.202 busbar1.3_1;40 MVA 110/20 kV YNd5;0;1;LV;100;HV2_MV4.202_Substation;MV4.202;4
HV2-MV4.203-Trafo1;HV2 Bus 279_1;MV4.203 busbar1.1_1;40 MVA 110/20 kV YNd5;0;1;LV;100;HV2_MV4.203_Substation;MV4.203;4
HV2-MV4.203-Trafo2;HV2 Bus 278_1;MV4.203 busbar1.3_1;40 MVA 110/20 kV YNd5;0;1;LV;100;HV2_MV4.203_Substation;MV4.203;4
MV1.101-LV1.101-Trafo 1;MV1.101 Bus 4_1_1;LV1.101 Bus 4_5;0.16 MVA 20/0.4 kV DOTE 160/20  SGB;1;0;NULL;100;NULL;LV1.101;6
MV1.101-LV1.102-Trafo 1;MV1.101 Bus 5_1_1;LV1.102 Bus 4_5;0.16 MVA 20/0.4 kV DOTE 160/20  SGB;1;0;NULL;100;NULL;LV1.102;6
MV1.101-LV1.103-Trafo 1;MV1.101 Bus 6_1_1;LV1.103 Bus 4_5;0.16 MVA 20/0.4 kV DOTE 160/20  SGB;1;0;NULL;100;NULL;LV1.103;6
MV1.101-LV1.104-Trafo 1;MV1.101 Bus 7_1_1;LV1.104 Bus 4_5;0.16 MVA 20/0.4 kV DOTE 160/20  SGB;1;0;NULL;100;NULL;LV1.104;6
MV1.101-LV1.105-Trafo 1;MV1.101 Bus 19_1_1;LV1.105 Bus 4_5;0.16 MVA 20/0.4 kV DOTE 160/20  SGB;1;0;NULL;100;NULL;LV1.105;6
MV1.101-LV1.106-Trafo 1;MV1.101 Bus 20_1_1;LV1.106 Bus 4_5;0.16 MVA 20/0.4 kV DOTE 160/20  SGB;1;0;NULL;100;NULL;LV1.106;6
MV1.101-LV1.107-Trafo 1;MV1.101 Bus 21_1_1;LV1.107 Bus 4_5;0.16 MVA 20/0.4 kV DOTE 160/20  SGB;1;0;NULL;100;NULL;LV1.107;6
MV1.101-LV1.108-Trafo 1;MV1.101 Bus 22_1_1;LV1.108 Bus 4_5;0.16 MVA 20/0.4 kV DOTE 160/20  SGB;1;0;NULL;100;NULL;LV1.108;6
MV1.101-LV1.109-Trafo 1;MV1.101 Bus 25_1_1;LV1.109 Bus 4_5;0.16 MVA 20/0.4 kV DOTE 160/20  SGB;1;0;NULL;100;NULL;LV1.109;6
MV1.101-LV1.110-Trafo 1;MV1.101 Bus 27_1_1;LV1.110 Bus 4_5;0.16 MVA 20/0.4 kV DOTE 160/20  SGB;1;0;NULL;100;NULL;LV1.110;6
MV1.101-LV1.111-Trafo 1;MV1.101 Bus 28_1_1;LV1.111 Bus 4_5;0.16 MVA 20/0.4 kV DOTE 160/20  SGB;1;0;NULL;100;NULL;LV1.111;6
MV1.101-LV1.112-Trafo 1;MV1.101 Bus 29_1_1;LV1.112 Bus 4_5;0.16 MVA 20/0.4 kV DOTE 160/20  SGB;1;0;NULL;100;NULL;LV1.112;6
MV1.101-LV1.113-Trafo 1;MV1.101 Bus 30_1_1;LV1.113 Bus 4_5;0.16 MVA 20/0.4 kV DOTE 160/20  SGB;1;0;NULL;100;NULL;LV1.113;6
MV1.101-LV1.114-Trafo 1;MV1.101 Bus 40_1_1;LV1.114 Bus 4_5;0.16 MVA 20/0.4 kV DOTE 160/20  SGB;1;0;NULL;100;NULL;LV1.114;6
MV1.101-LV1.115-Trafo 1;MV1.101 Bus 41_1_1;LV1.115 Bus 4_5;0.16 MVA 20/0.4 kV DOTE 160/20  SGB;1;0;NULL;100;NULL;LV1.115;6
MV1.101-LV1.116-Trafo 1;MV1.101 Bus 43_1_1;LV1.116 Bus 4_5;0.16 MVA 20/0.4 kV DOTE 160/20  SGB;1;0;NULL;100;NULL;LV1.116;6
MV1.101-LV1.117-Trafo 1;MV1.101 Bus 44_1_1;LV1.117 Bus 4_5;0.16 MVA 20/0.4 kV DOTE 160/20  SGB;1;0;NULL;100;NULL;LV1.117;6
MV1.101-LV1.118-Trafo 1;MV1.101 Bus 45_1_1;LV1.118 Bus 4_5;0.16 MVA 20/0.4 kV DOTE 160/20  SGB;1;0;NULL;100;NULL;LV1.118;6
MV1.101-LV1.119-Trafo 1;MV1.101 Bus 46_1_1;LV1.119 Bus 4_5;0.16 MVA 20/0.4 kV DOTE 160/20  SGB;1;0;NULL;100;NULL;LV1.119;6
MV1.101-LV1.120-Trafo 1;MV1.101 Bus 47_1_1;LV1.120 Bus 4_5;0.16 MVA 20/0.4 kV DOTE 160/20  SGB;1;0;NULL;100;NULL;LV1.120;6
MV1.101-LV1.121-Trafo 1;MV1.101 Bus 48_1_1;LV1.121 Bus 4_5;0.16 MVA 20/0.4 kV DOTE 160/20  SGB;1;0;NULL;100;NULL;LV1.121;6
MV1.101-LV1.122-Trafo 1;MV1.101 Bus 58_1_1;LV1.122 Bus 4_5;0.16 MVA 20/0.4 kV DOTE 160/20  SGB;1;0;NULL;100;NULL;LV1.122;6
MV1.101-LV1.123-Trafo 1;MV1.101 Bus 59_1_1;LV1.123 Bus 4_5;0.16 MVA 20/0.4 kV DOTE 160/20  SGB;1;0;NULL;100;NULL;LV1.123;6
MV1.101-LV1.124-Trafo 1;MV1.101 Bus 63_1_1;LV1.124 Bus 4_5;0.16 MVA 20/0.4 kV DOTE 160/20  SGB;1;0;NULL;100;NULL;LV1.124;6
MV1.101-LV1.125-Trafo 1;MV1.101 Bus 68_1_1;LV1.125 Bus 4_5;0.16 MVA 20/0.4 kV DOTE 160/20  SGB;1;0;NULL;100;NULL;LV1.125;6
MV1.101-LV1.126-Trafo 1;MV1.101 Bus 70_1_1;LV1.126 Bus 4_5;0.16 MVA 20/0.4 kV DOTE 160/20  SGB;1;0;NULL;100;NULL;LV1.126;6
MV1.101-LV1.127-Trafo 1;MV1.101 Bus 75_1_1;LV1.127 Bus 4_5;0.16 MVA 20/0.4 kV DOTE 160/20  SGB;1;0;NULL;100;NULL;LV1.127;6
MV1.101-LV1.128-Trafo 1;MV1.101 Bus 76_1_1;LV1.128 Bus 4_5;0.16 MVA 20/0.4 kV DOTE 160/20  SGB;1;0;NULL;100;NULL;LV1.128;6
MV1.101-LV1.129-Trafo 1;MV1.101 Bus 77_1_1;LV1.129 Bus 4_5;0.16 MVA 20/0.4 kV DOTE 160/20  SGB;1;0;NULL;100;NULL;LV1.129;6
MV1.101-LV1.130-Trafo 1;MV1.101 Bus 87_1_1;LV1.130 Bus 4_5;0.16 MVA 20/0.4 kV DOTE 160/20  SGB;1;0;NULL;100;NULL;LV1.130;6
MV1.101-LV1.131-Trafo 1;MV1.101 Bus 88_1_1;LV1.131 Bus 4_5;0.16 MVA 20/0.4 kV DOTE 160/20  SGB;1;0;NULL;100;NULL;LV1.131;6
MV1.101-LV1.132-Trafo 1;MV1.101 Bus 89_1_1;LV1.132 Bus 4_5;0.16 MVA 20/0.4 kV DOTE 160/20  SGB;1;0;NULL;100;NULL;LV1.132;6
MV1.101-LV1.133-Trafo 1;MV1.101 Bus 90_1_1;LV1.133 Bus 4_5;0.16 MVA 20/0.4 kV DOTE 160/20  SGB;1;0;NULL;100;NULL;LV1.133;6
MV1.101-LV1.134-Trafo 1;MV1.101 Bus 91_1_1;LV1.134 Bus 4_5;0.16 MVA 20/0.4 kV DOTE 160/20  SGB;1;0;NULL;100;NULL;LV1.134;6
MV1.101-LV1.135-Trafo 1;MV1.101 Bus 92_1_1;LV1.135 Bus 4_5;0.16 MVA 20/0.4 kV DOTE 160/20  SGB;1;0;NULL;100;NULL;LV1.135;6
MV1.101-LV1.136-Trafo 1;MV1.101 Bus 96_1_1;LV1.136 Bus 4_5;0.16 MVA 20/0.4 kV DOTE 160/20  SGB;1;0;NULL;100;NULL;LV1.136;6
MV1.101-LV2.101-Trafo 1;MV1.101 Bus 8_1_1;LV2.101 Bus 19_3;0.25 MVA 20/0.4 kV Dyn5 ASEA;-1;0;NULL;100;NULL;LV2.101;6
MV1.101-LV2.102-Trafo 1;MV1.101 Bus 9_1_1;LV2.102 Bus 19_3;0.25 MVA 20/0.4 kV Dyn5 ASEA;-1;0;NULL;100;NULL;LV2.102;6
MV1.101-LV2.103-Trafo 1;MV1.101 Bus 10_1_1;LV2.103 Bus 19_3;0.25 MVA 20/0.4 kV Dyn5 ASEA;-1;0;NULL;100;NULL;LV2.103;6
MV1.101-LV2.104-Trafo 1;MV1.101 Bus 11_1_1;LV2.104 Bus 19_3;0.25 MVA 20/0.4 kV Dyn5 ASEA;-1;0;NULL;100;NULL;LV2.104;6
MV1.101-LV2.105-Trafo 1;MV1.101 Bus 13_1_1;LV2.105 Bus 19_3;0.25 MVA 20/0.4 kV Dyn5 ASEA;-1;0;NULL;100;NULL;LV2.105;6
MV1.101-LV2.106-Trafo 1;MV1.101 Bus 16_1_1;LV2.106 Bus 19_3;0.25 MVA 20/0.4 kV Dyn5 ASEA;-1;0;NULL;100;NULL;LV2.106;6
MV1.101-LV2.107-Trafo 1;MV1.101 Bus 18_1_1;LV2.107 Bus 19_3;0.25 MVA 20/0.4 kV Dyn5 ASEA;-1;0;NULL;100;NULL;LV2.107;6
MV1.101-LV2.108-Trafo 1;MV1.101 Bus 23_1_1;LV2.108 Bus 19_3;0.25 MVA 20/0.4 kV Dyn5 ASEA;-1;0;NULL;100;NULL;LV2.108;6
MV1.101-LV2.109-Trafo 1;MV1.101 Bus 24_1_1;LV2.109 Bus 19_3;0.25 MVA 20/0.4 kV Dyn5 ASEA;-1;0;NULL;100;NULL;LV2.109;6
MV1.101-LV2.110-Trafo 1;MV1.101 Bus 26_1_1;LV2.110 Bus 19_3;0.25 MVA 20/0.4 kV Dyn5 ASEA;-1;0;NULL;100;NULL;LV2.110;6
MV1.101-LV2.111-Trafo 1;MV1.101 Bus 31_1_1;LV2.111 Bus 19_3;0.25 MVA 20/0.4 kV Dyn5 ASEA;-1;0;NULL;100;NULL;LV2.111;6
MV1.101-LV2.112-Trafo 1;MV1.101 Bus 32_1_1;LV2.112 Bus 19_3;0.25 MVA 20/0.4 kV Dyn5 ASEA;-1;0;NULL;100;NULL;LV2.112;6
MV1.101-LV2.113-Trafo 1;MV1.101 Bus 33_1_1;LV2.113 Bus 19_3;0.25 MVA 20/0.4 kV Dyn5 ASEA;-1;0;NULL;100;NULL;LV2.113;6
MV1.101-LV2.114-Trafo 1;MV1.101 Bus 34_1_1;LV2.114 Bus 19_3;0.25 MVA 20/0.4 kV Dyn5 ASEA;-1;0;NULL;100;NULL;LV2.114;6
MV1.101-LV2.115-Trafo 1;MV1.101 Bus 35_1_1;LV2.115 Bus 19_3;0.25 MVA 20/0.4 kV Dyn5 ASEA;-1;0;NULL;100;NULL;LV2.115;6
MV1.101-LV2.116-Trafo 1;MV1.101 Bus 36_1_1;LV2.116 Bus 19_3;0.25 MVA 20/0.4 kV Dyn5 ASEA;-1;0;NULL;100;NULL;LV2.116;6
MV1.101-LV2.117-Trafo 1;MV1.101 Bus 37_1_1;LV2.117 Bus 19_3;0.25 MVA 20/0.4 kV Dyn5 ASEA;-1;0;NULL;100;NULL;LV2.117;6
MV1.101-LV2.118-Trafo 1;MV1.101 Bus 38_1_1;LV2.118 Bus 19_3;0.25 MVA 20/0.4 kV Dyn5 ASEA;-1;0;NULL;100;NULL;LV2.118;6
MV1.101-LV2.119-Trafo 1;MV1.101 Bus 39_1_1;LV2.119 Bus 19_3;0.25 MVA 20/0.4 kV Dyn5 ASEA;-1;0;NULL;100;NULL;LV2.119;6
MV1.101-LV2.120-Trafo 1;MV1.101 Bus 42_1_1;LV2.120 Bus 19_3;0.25 MVA 20/0.4 kV Dyn5 ASEA;-1;0;NULL;100;NULL;LV2.120;6
MV1.101-LV2.121-Trafo 1;MV1.101 Bus 49_1_1;LV2.121 Bus 19_3;0.25 MVA 20/0.4 kV Dyn5 ASEA;-1;0;NULL;100;NULL;LV2.121;6
MV1.101-LV2.122-Trafo 1;MV1.101 Bus 50_1_1;LV2.122 Bus 19_3;0.25 MVA 20/0.4 kV Dyn5 ASEA;-1;0;NULL;100;NULL;LV2.122;6
MV1.101-LV2.123-Trafo 1;MV1.101 Bus 51_1_1;LV2.123 Bus 19_3;0.25 MVA 20/0.4 kV Dyn5 ASEA;-1;0;NULL;100;NULL;LV2.123;6
MV1.101-LV2.124-Trafo 1;MV1.101 Bus 57_1_1;LV2.124 Bus 19_3;0.25 MVA 20/0.4 kV Dyn5 ASEA;-1;0;NULL;100;NULL;LV2.124;6
MV1.101-LV2.125-Trafo 1;MV1.101 Bus 62_1_1;LV2.125 Bus 19_3;0.25 MVA 20/0.4 kV Dyn5 ASEA;-1;0;NULL;100;NULL;LV2.125;6
MV1.101-LV2.126-Trafo 1;MV1.101 Bus 64_1_1;LV2.126 Bus 19_3;0.25 MVA 20/0.4 kV Dyn5 ASEA;-1;0;NULL;100;NULL;LV2.126;6
MV1.101-LV2.127-Trafo 1;MV1.101 Bus 67_1_1;LV2.127 Bus 19_3;0.25 MVA 20/0.4 kV Dyn5 ASEA;-1;0;NULL;100;NULL;LV2.127;6
MV1.101-LV2.128-Trafo 1;MV1.101 Bus 71_1_1;LV2.128 Bus 19_3;0.25 MVA 20/0.4 kV Dyn5 ASEA;-1;0;NULL;100;NULL;LV2.128;6
MV1.101-LV2.129-Trafo 1;MV1.101 Bus 78_1_1;LV2.129 Bus 19_3;0.25 MVA 20/0.4 kV Dyn5 ASEA;-1;0;NULL;100;NULL;LV2.129;6
MV1.101-LV2.130-Trafo 1;MV1.101 Bus 79_1_1;LV2.130 Bus 19_3;0.25 MVA 20/0.4 kV Dyn5 ASEA;-1;0;NULL;100;NULL;LV2.130;6
MV1.101-LV2.131-Trafo 1;MV1.101 Bus 81_1_1;LV2.131 Bus 19_3;0.25 MVA 20/0.4 kV Dyn5 ASEA;-1;0;NULL;100;NULL;LV2.131;6
MV1.101-LV2.132-Trafo 1;MV1.101 Bus 84_1_1;LV2.132 Bus 19_3;0.25 MVA 20/0.4 kV Dyn5 ASEA;-1;0;NULL;100;NULL;LV2.132;6
MV1.101-LV2.133-Trafo 1;MV1.101 Bus 85_1_1;LV2.133 Bus 19_3;0.25 MVA 20/0.4 kV Dyn5 ASEA;-1;0;NULL;100;NULL;LV2.133;6
MV1.101-LV2.134-Trafo 1;MV1.101 Bus 86_1_1;LV2.134 Bus 19_3;0.25 MVA 20/0.4 kV Dyn5 ASEA;-1;0;NULL;100;NULL;LV2.134;6
MV1.101-LV2.135-Trafo 1;MV1.101 Bus 93_1_1;LV2.135 Bus 19_3;0.25 MVA 20/0.4 kV Dyn5 ASEA;-1;0;NULL;100;NULL;LV2.135;6
MV1.101-LV2.136-Trafo 1;MV1.101 Bus 94_1_1;LV2.136 Bus 19_3;0.25 MVA 20/0.4 kV Dyn5 ASEA;-1;0;NULL;100;NULL;LV2.136;6
MV1.101-LV2.137-Trafo 1;MV1.101 Bus 95_1_1;LV2.137 Bus 19_3;0.25 MVA 20/0.4 kV Dyn5 ASEA;-1;0;NULL;100;NULL;LV2.137;6
MV1.101-LV3.101-Trafo;MV1.101 Bus 12_1_1;LV3.101 Bus 16_6;0.4 MVA 20/0.4 kV Dyn5 ASEA;-1;0;NULL;100;NULL;LV3.101;6
MV1.101-LV3.102-Trafo;MV1.101 Bus 17_1_1;LV3.102 Bus 16_6;0.4 MVA 20/0.4 kV Dyn5 ASEA;-1;0;NULL;100;NULL;LV3.102;6
MV1.101-LV3.103-Trafo;MV1.101 Bus 72_1_1;LV3.103 Bus 16_6;0.4 MVA 20/0.4 kV Dyn5 ASEA;-1;0;NULL;100;NULL;LV3.103;6
MV1.101-LV3.104-Trafo;MV1.101 Bus 74_1_1;LV3.104 Bus 16_6;0.4 MVA 20/0.4 kV Dyn5 ASEA;-1;0;NULL;100;NULL;LV3.104;6
MV1.101-LV3.105-Trafo;MV1.101 Bus 80_1_1;LV3.105 Bus 16_6;0.4 MVA 20/0.4 kV Dyn5 ASEA;-1;0;NULL;100;NULL;LV3.105;6
MV1.101-LV3.106-Trafo;MV1.101 Bus 82_1_1;LV3.106 Bus 16_6;0.4 MVA 20/0.4 kV Dyn5 ASEA;-1;0;NULL;100;NULL;LV3.106;6
MV1.101-LV3.107-Trafo;MV1.101 Bus 83_1_1;LV3.107 Bus 16_6;0.4 MVA 20/0.4 kV Dyn5 ASEA;-1;0;NULL;100;NULL;LV3.107;6
MV1.101-LV4.101-Trafo 1;MV1.101 Bus 52_1_1;LV4.101 Bus 32_3;0.4 MVA 20/0.4 kV Dyn5 ASEA;0;0;NULL;100;NULL;LV4.101;6
MV1.101-LV4.102-Trafo 1;MV1.101 Bus 53_1_1;LV4.102 Bus 32_3;0.4 MVA 20/0.4 kV Dyn5 ASEA;0;0;NULL;100;NULL;LV4.102;6
MV1.101-LV4.103-Trafo 1;MV1.101 Bus 54_1_1;LV4.103 Bus 32_3;0.4 MVA 20/0.4 kV Dyn5 ASEA;0;0;NULL;100;NULL;LV4.103;6
MV1.101-LV4.104-Trafo 1;MV1.101 Bus 55_1_1;LV4.104 Bus 32_3;0.4 MVA 20/0.4 kV Dyn5 ASEA;0;0;NULL;100;NULL;LV4.104;6
MV1.101-LV4.105-Trafo 1;MV1.101 Bus 56_1_1;LV4.105 Bus 32_3;0.4 MVA 20/0.4 kV Dyn5 ASEA;0;0;NULL;100;NULL;LV4.105;6
MV1.101-LV4.106-Trafo 1;MV1.101 Bus 60_1_1;LV4.106 Bus 32_3;0.4 MVA 20/0.4 kV Dyn5 ASEA;0;0;NULL;100;NULL;LV4.106;6
MV1.101-LV4.107-Trafo 1;MV1.101 Bus 61_1_1;LV4.107 Bus 32_3;0.4 MVA 20/0.4 kV Dyn5 ASEA;0;0;NULL;100;NULL;LV4.107;6
MV1.101-LV4.108-Trafo 1;MV1.101 Bus 65_1_1;LV4.108 Bus 32_3;0.4 MVA 20/0.4 kV Dyn5 ASEA;0;0;NULL;100;NULL;LV4.108;6
MV1.101-LV4.109-Trafo 1;MV1.101 Bus 66_1_1;LV4.109 Bus 32_3;0.4 MVA 20/0.4 kV Dyn5 ASEA;0;0;NULL;100;NULL;LV4.109;6
MV1.101-LV4.110-Trafo 1;MV1.101 Bus 73_1_1;LV4.110 Bus 32_3;0.4 MVA 20/0.4 kV Dyn5 ASEA;0;0;NULL;100;NULL;LV4.110;6
MV2.101-LV1.201-Trafo 1;MV2.101 Bus 65_1_1;LV1.201 Bus 4_5;0.16 MVA 20/0.4 kV DOTE 160/20  SGB;1;0;NULL;100;NULL;LV1.201;6
MV2.101-LV1.202-Trafo 1;MV2.101 Bus 66_1_1;LV1.202 Bus 4_5;0.16 MVA 20/0.4 kV DOTE 160/20  SGB;1;0;NULL;100;NULL;LV1.202;6
MV2.101-LV1.203-Trafo 1;MV2.101 Bus 67_1_1;LV1.203 Bus 4_5;0.16 MVA 20/0.4 kV DOTE 160/20  SGB;1;0;NULL;100;NULL;LV1.203;6
MV2.101-LV1.204-Trafo 1;MV2.101 Bus 69_1_1;LV1.204 Bus 4_5;0.16 MVA 20/0.4 kV DOTE 160/20  SGB;1;0;NULL;100;NULL;LV1.204;6
MV2.101-LV1.205-Trafo 1;MV2.101 Bus 74_1_1;LV1.205 Bus 4_5;0.16 MVA 20/0.4 kV DOTE 160/20  SGB;1;0;NULL;100;NULL;LV1.205;6
MV2.101-LV1.206-Trafo 1;MV2.101 Bus 114_1_1;LV1.206 Bus 4_5;0.16 MVA 20/0.4 kV DOTE 160/20  SGB;1;0;NULL;100;NULL;LV1.206;6
MV2.101-LV2.201-Trafo 1;MV2.101 Bus 10_1_1;LV2.201 Bus 19_3;0.25 MVA 20/0.4 kV Dyn5 ASEA;-1;0;NULL;100;NULL;LV2.201;6
MV2.101-LV2.202-Trafo 1;MV2.101 Bus 30_1_1;LV2.202 Bus 19_3;0.25 MVA 20/0.4 kV Dyn5 ASEA;-1;0;NULL;100;NULL;LV2.202;6
MV2.101-LV2.203-Trafo 1;MV2.101 Bus 31_1_1;LV2.203 Bus 19_3;0.25 MVA 20/0.4 kV Dyn5 ASEA;-1;0;NULL;100;NULL;LV2.203;6
MV2.101-LV2.204-Trafo 1;MV2.101 Bus 36_1_1;LV2.204 Bus 19_3;0.25 MVA 20/0.4 kV Dyn5 ASEA;-1;0;NULL;100;NULL;LV2.204;6
MV2.101-LV2.205-Trafo 1;MV2.101 Bus 37_1_1;LV2.205 Bus 19_3;0.25 MVA 20/0.4 kV Dyn5 ASEA;-1;0;NULL;100;NULL;LV2.205;6
MV2.101-LV2.206-Trafo 1;MV2.101 Bus 38_1_1;LV2.206 Bus 19_3;0.25 MVA 20/0.4 kV Dyn5 ASEA;-1;0;NULL;100;NULL;LV2.206;6
MV2.101-LV2.207-Trafo 1;MV2.101 Bus 39_1_1;LV2.207 Bus 19_3;0.25 MVA 20/0.4 kV Dyn5 ASEA;-1;0;NULL;100;NULL;LV2.207;6
MV2.101-LV2.208-Trafo 1;MV2.101 Bus 40_1_1;LV2.208 Bus 19_3;0.25 MVA 20/0.4 kV Dyn5 ASEA;-1;0;NULL;100;NULL;LV2.208;6
MV2.101-LV2.209-Trafo 1;MV2.101 Bus 41_1_1;LV2.209 Bus 19_3;0.25 MVA 20/0.4 kV Dyn5 ASEA;-1;0;NULL;100;NULL;LV2.209;6
MV2.101-LV2.210-Trafo 1;MV2.101 Bus 46_1_1;LV2.210 Bus 19_3;0.25 MVA 20/0.4 kV Dyn5 ASEA;-1;0;NULL;100;NULL;LV2.210;6
MV2.101-LV2.211-Trafo 1;MV2.101 Bus 48_1_1;LV2.211 Bus 19_3;0.25 MVA 20/0.4 kV Dyn5 ASEA;-1;0;NULL;100;NULL;LV2.211;6
MV2.101-LV2.212-Trafo 1;MV2.101 Bus 54_1_1;LV2.212 Bus 19_3;0.25 MVA 20/0.4 kV Dyn5 ASEA;-1;0;NULL;100;NULL;LV2.212;6
MV2.101-LV2.213-Trafo 1;MV2.101 Bus 55_1_1;LV2.213 Bus 19_3;0.25 MVA 20/0.4 kV Dyn5 ASEA;-1;0;NULL;100;NULL;LV2.213;6
MV2.101-LV2.214-Trafo 1;MV2.101 Bus 56_1_1;LV2.214 Bus 19_3;0.25 MVA 20/0.4 kV Dyn5 ASEA;-1;0;NULL;100;NULL;LV2.214;6
MV2.101-LV2.215-Trafo 1;MV2.101 Bus 64_1_1;LV2.215 Bus 19_3;0.25 MVA 20/0.4 kV Dyn5 ASEA;-1;0;NULL;100;NULL;LV2.215;6
MV2.101-LV2.216-Trafo 1;MV2.101 Bus 68_1_1;LV2.216 Bus 19_3;0.25 MVA 20/0.4 kV Dyn5 ASEA;-1;0;NULL;100;NULL;LV2.216;6
MV2.101-LV2.217-Trafo 1;MV2.101 Bus 75_1_1;LV2.217 Bus 19_3;0.25 MVA 20/0.4 kV Dyn5 ASEA;-1;0;NULL;100;NULL;LV2.217;6
MV2.101-LV2.218-Trafo 1;MV2.101 Bus 76_1_1;LV2.218 Bus 19_3;0.25 MVA 20/0.4 kV Dyn5 ASEA;-1;0;NULL;100;NULL;LV2.218;6
MV2.101-LV2.219-Trafo 1;MV2.101 Bus 77_1_1;LV2.219 Bus 19_3;0.25 MVA 20/0.4 kV Dyn5 ASEA;-1;0;NULL;100;NULL;LV2.219;6
MV2.101-LV2.220-Trafo 1;MV2.101 Bus 78_1_1;LV2.220 Bus 19_3;0.25 MVA 20/0.4 kV Dyn5 ASEA;-1;0;NULL;100;NULL;LV2.220;6
MV2.101-LV2.221-Trafo 1;MV2.101 Bus 82_1_1;LV2.221 Bus 19_3;0.25 MVA 20/0.4 kV Dyn5 ASEA;-1;0;NULL;100;NULL;LV2.221;6
MV2.101-LV2.222-Trafo 1;MV2.101 Bus 83_1_1;LV2.222 Bus 19_3;0.25 MVA 20/0.4 kV Dyn5 ASEA;-1;0;NULL;100;NULL;LV2.222;6
MV2.101-LV2.223-Trafo 1;MV2.101 Bus 108_1_1;LV2.223 Bus 19_3;0.25 MVA 20/0.4 kV Dyn5 ASEA;-1;0;NULL;100;NULL;LV2.223;6
MV2.101-LV2.224-Trafo 1;MV2.101 Bus 109_1_1;LV2.224 Bus 19_3;0.25 MVA 20/0.4 kV Dyn5 ASEA;-1;0;NULL;100;NULL;LV2.224;6
MV2.101-LV2.225-Trafo 1;MV2.101 Bus 113_1_1;LV2.225 Bus 19_3;0.25 MVA 20/0.4 kV Dyn5 ASEA;-1;0;NULL;100;NULL;LV2.225;6
MV2.101-LV3.201-Trafo;MV2.101 Bus 12_1_1;LV3.201 Bus 16_6;0.4 MVA 20/0.4 kV Dyn5 ASEA;-1;0;NULL;100;NULL;LV3.201;6
MV2.101-LV3.202-Trafo;MV2.101 Bus 24_1_1;LV3.202 Bus 16_6;0.4 MVA 20/0.4 kV Dyn5 ASEA;-1;0;NULL;100;NULL;LV3.202;6
MV2.101-LV3.203-Trafo;MV2.101 Bus 25_1_1;LV3.203 Bus 16_6;0.4 MVA 20/0.4 kV Dyn5 ASEA;-1;0;NULL;100;NULL;LV3.203;6
MV2.101-LV3.204-Trafo;MV2.101 Bus 29_1_1;LV3.204 Bus 16_6;0.4 MVA 20/0.4 kV Dyn5 ASEA;-1;0;NULL;100;NULL;LV3.204;6
MV2.101-LV3.205-Trafo;MV2.101 Bus 32_1_1;LV3.205 Bus 16_6;0.4 MVA 20/0.4 kV Dyn5 ASEA;-1;0;NULL;100;NULL;LV3.205;6
MV2.101-LV3.206-Trafo;MV2.101 Bus 35_1_1;LV3.206 Bus 16_6;0.4 MVA 20/0.4 kV Dyn5 ASEA;-1;0;NULL;100;NULL;LV3.206;6
MV2.101-LV3.207-Trafo;MV2.101 Bus 43_1_1;LV3.207 Bus 16_6;0.4 MVA 20/0.4 kV Dyn5 ASEA;-1;0;NULL;100;NULL;LV3.207;6
MV2.101-LV3.208-Trafo;MV2.101 Bus 45_1_1;LV3.208 Bus 16_6;0.4 MVA 20/0.4 kV Dyn5 ASEA;-1;0;NULL;100;NULL;LV3.208;6
MV2.101-LV3.209-Trafo;MV2.101 Bus 58_1_1;LV3.209 Bus 16_6;0.4 MVA 20/0.4 kV Dyn5 ASEA;-1;0;NULL;100;NULL;LV3.209;6
MV2.101-LV3.210-Trafo;MV2.101 Bus 63_1_1;LV3.210 Bus 16_6;0.4 MVA 20/0.4 kV Dyn5 ASEA;-1;0;NULL;100;NULL;LV3.210;6
MV2.101-LV3.211-Trafo;MV2.101 Bus 72_1_1;LV3.211 Bus 16_6;0.4 MVA 20/0.4 kV Dyn5 ASEA;-1;0;NULL;100;NULL;LV3.211;6
MV2.101-LV3.212-Trafo;MV2.101 Bus 73_1_1;LV3.212 Bus 16_6;0.4 MVA 20/0.4 kV Dyn5 ASEA;-1;0;NULL;100;NULL;LV3.212;6
MV2.101-LV3.213-Trafo;MV2.101 Bus 84_1_1;LV3.213 Bus 16_6;0.4 MVA 20/0.4 kV Dyn5 ASEA;-1;0;NULL;100;NULL;LV3.213;6
MV2.101-LV3.214-Trafo;MV2.101 Bus 85_1_1;LV3.214 Bus 16_6;0.4 MVA 20/0.4 kV Dyn5 ASEA;-1;0;NULL;100;NULL;LV3.214;6
MV2.101-LV3.215-Trafo;MV2.101 Bus 101_1_1;LV3.215 Bus 16_6;0.4 MVA 20/0.4 kV Dyn5 ASEA;-1;0;NULL;100;NULL;LV3.215;6
MV2.101-LV3.216-Trafo;MV2.101 Bus 111_1_1;LV3.216 Bus 16_6;0.4 MVA 20/0.4 kV Dyn5 ASEA;-1;0;NULL;100;NULL;LV3.216;6
MV2.101-LV3.217-Trafo;MV2.101 Bus 115_1_1;LV3.217 Bus 16_6;0.4 MVA 20/0.4 kV Dyn5 ASEA;-1;0;NULL;100;NULL;LV3.217;6
MV2.101-LV3.218-Trafo;MV2.101 Bus 116_1_1;LV3.218 Bus 16_6;0.4 MVA 20/0.4 kV Dyn5 ASEA;-1;0;NULL;100;NULL;LV3.218;6
MV2.101-LV4.201-Trafo 1;MV2.101 Bus 7_1_1;LV4.201 Bus 32_3;0.4 MVA 20/0.4 kV Dyn5 ASEA;0;0;NULL;100;NULL;LV4.201;6
MV2.101-LV4.202-Trafo 1;MV2.101 Bus 8_1_1;LV4.202 Bus 32_3;0.4 MVA 20/0.4 kV Dyn5 ASEA;0;0;NULL;100;NULL;LV4.202;6
MV2.101-LV4.203-Trafo 1;MV2.101 Bus 11_1_1;LV4.203 Bus 32_3;0.4 MVA 20/0.4 kV Dyn5 ASEA;0;0;NULL;100;NULL;LV4.203;6
MV2.101-LV4.204-Trafo 1;MV2.101 Bus 13_1_1;LV4.204 Bus 32_3;0.4 MVA 20/0.4 kV Dyn5 ASEA;0;0;NULL;100;NULL;LV4.204;6
MV2.101-LV4.205-Trafo 1;MV2.101 Bus 19_1_1;LV4.205 Bus 32_3;0.4 MVA 20/0.4 kV Dyn5 ASEA;0;0;NULL;100;NULL;LV4.205;6
MV2.101-LV4.206-Trafo 1;MV2.101 Bus 20_1_1;LV4.206 Bus 32_3;0.4 MVA 20/0.4 kV Dyn5 ASEA;0;0;NULL;100;NULL;LV4.206;6
MV2.101-LV4.207-Trafo 1;MV2.101 Bus 23_1_1;LV4.207 Bus 32_3;0.4 MVA 20/0.4 kV Dyn5 ASEA;0;0;NULL;100;NULL;LV4.207;6
MV2.101-LV4.208-Trafo 1;MV2.101 Bus 26_1_1;LV4.208 Bus 32_3;0.4 MVA 20/0.4 kV Dyn5 ASEA;0;0;NULL;100;NULL;LV4.208;6
MV2.101-LV4.209-Trafo 1;MV2.101 Bus 27_1_1;LV4.209 Bus 32_3;0.4 MVA 20/0.4 kV Dyn5 ASEA;0;0;NULL;100;NULL;LV4.209;6
MV2.101-LV4.210-Trafo 1;MV2.101 Bus 28_1_1;LV4.210 Bus 32_3;0.4 MVA 20/0.4 kV Dyn5 ASEA;0;0;NULL;100;NULL;LV4.210;6
MV2.101-LV4.211-Trafo 1;MV2.101 Bus 33_1_1;LV4.211 Bus 32_3;0.4 MVA 20/0.4 kV Dyn5 ASEA;0;0;NULL;100;NULL;LV4.211;6
MV2.101-LV4.212-Trafo 1;MV2.101 Bus 34_1_1;LV4.212 Bus 32_3;0.4 MVA 20/0.4 kV Dyn5 ASEA;0;0;NULL;100;NULL;LV4.212;6
MV2.101-LV4.213-Trafo 1;MV2.101 Bus 42_1_1;LV4.213 Bus 32_3;0.4 MVA 20/0.4 kV Dyn5 ASEA;0;0;NULL;100;NULL;LV4.213;6
MV2.101-LV4.214-Trafo 1;MV2.101 Bus 44_1_1;LV4.214 Bus 32_3;0.4 MVA 20/0.4 kV Dyn5 ASEA;0;0;NULL;100;NULL;LV4.214;6
MV2.101-LV4.215-Trafo 1;MV2.101 Bus 47_1_1;LV4.215 Bus 32_3;0.4 MVA 20/0.4 kV Dyn5 ASEA;0;0;NULL;100;NULL;LV4.215;6
MV2.101-LV4.216-Trafo 1;MV2.101 Bus 49_1_1;LV4.216 Bus 32_3;0.4 MVA 20/0.4 kV Dyn5 ASEA;0;0;NULL;100;NULL;LV4.216;6
MV2.101-LV4.217-Trafo 1;MV2.101 Bus 50_1_1;LV4.217 Bus 32_3;0.4 MVA 20/0.4 kV Dyn5 ASEA;0;0;NULL;100;NULL;LV4.217;6
MV2.101-LV4.218-Trafo 1;MV2.101 Bus 51_1_1;LV4.218 Bus 32_3;0.4 MVA 20/0.4 kV Dyn5 ASEA;0;0;NULL;100;NULL;LV4.218;6
MV2.101-LV4.219-Trafo 1;MV2.101 Bus 52_1_1;LV4.219 Bus 32_3;0.4 MVA 20/0.4 kV Dyn5 ASEA;0;0;NULL;100;NULL;LV4.219;6
MV2.101-LV4.220-Trafo 1;MV2.101 Bus 53_1_1;LV4.220 Bus 32_3;0.4 MVA 20/0.4 kV Dyn5 ASEA;0;0;NULL;100;NULL;LV4.220;6
MV2.101-LV4.221-Trafo 1;MV2.101 Bus 57_1_1;LV4.221 Bus 32_3;0.4 MVA 20/0.4 kV Dyn5 ASEA;0;0;NULL;100;NULL;LV4.221;6
MV2.101-LV4.222-Trafo 1;MV2.101 Bus 59_1_1;LV4.222 Bus 32_3;0.4 MVA 20/0.4 kV Dyn5 ASEA;0;0;NULL;100;NULL;LV4.222;6
MV2.101-LV4.223-Trafo 1;MV2.101 Bus 60_1_1;LV4.223 Bus 32_3;0.4 MVA 20/0.4 kV Dyn5 ASEA;0;0;NULL;100;NULL;LV4.223;6
MV2.101-LV4.224-Trafo 1;MV2.101 Bus 62_1_1;LV4.224 Bus 32_3;0.4 MVA 20/0.4 kV Dyn5 ASEA;0;0;NULL;100;NULL;LV4.224;6
MV2.101-LV4.225-Trafo 1;MV2.101 Bus 71_1_1;LV4.225 Bus 32_3;0.4 MVA 20/0.4 kV Dyn5 ASEA;0;0;NULL;100;NULL;LV4.225;6
MV2.101-LV4.226-Trafo 1;MV2.101 Bus 79_1_1;LV4.226 Bus 32_3;0.4 MVA 20/0.4 kV Dyn5 ASEA;0;0;NULL;100;NULL;LV4.226;6
MV2.101-LV4.227-Trafo 1;MV2.101 Bus 86_1_1;LV4.227 Bus 32_3;0.4 MVA 20/0.4 kV Dyn5 ASEA;0;0;NULL;100;NULL;LV4.227;6
MV2.101-LV4.228-Trafo 1;MV2.101 Bus 94_1_1;LV4.228 Bus 32_3;0.4 MVA 20/0.4 kV Dyn5 ASEA;0;0;NULL;100;NULL;LV4.228;6
MV2.101-LV4.229-Trafo 1;MV2.101 Bus 96_1_1;LV4.229 Bus 32_3;0.4 MVA 20/0.4 kV Dyn5 ASEA;0;0;NULL;100;NULL;LV4.229;6
MV2.101-LV4.230-Trafo 1;MV2.101 Bus 97_1_1;LV4.230 Bus 32_3;0.4 MVA 20/0.4 kV Dyn5 ASEA;0;0;NULL;100;NULL;LV4.230;6
MV2.101-LV4.231-Trafo 1;MV2.101 Bus 99_1_1;LV4.231 Bus 32_3;0.4 MVA 20/0.4 kV Dyn5 ASEA;0;0;NULL;100;NULL;LV4.231;6
MV2.101-LV4.232-Trafo 1;MV2.101 Bus 103_1_1;LV4.232 Bus 32_3;0.4 MVA 20/0.4 kV Dyn5 ASEA;0;0;NULL;100;NULL;LV4.232;6
MV2.101-LV4.233-Trafo 1;MV2.101 Bus 104_1_1;LV4.233 Bus 32_3;0.4 MVA 20/0.4 kV Dyn5 ASEA;0;0;NULL;100;NULL;LV4.233;6
MV2.101-LV4.234-Trafo 1;MV2.101 Bus 106_1_1;LV4.234 Bus 32_3;0.4 MVA 20/0.4 kV Dyn5 ASEA;0;0;NULL;100;NULL;LV4.234;6
MV2.101-LV4.235-Trafo 1;MV2.101 Bus 110_1_1;LV4.235 Bus 32_3;0.4 MVA 20/0.4 kV Dyn5 ASEA;0;0;NULL;100;NULL;LV4.235;6
MV2.101-LV4.236-Trafo 1;MV2.101 Bus 112_1_1;LV4.236 Bus 32_3;0.4 MVA 20/0.4 kV Dyn5 ASEA;0;0;NULL;100;NULL;LV4.236;6
MV2.101-LV5.201-Trafo 1;MV2.101 Bus 5_1_1;LV5.201 Bus 73_1;0.63 MVA 20/0.4 kV Dyn5 ASEA;0;0;NULL;100;NULL;LV5.201;6
MV2.101-LV5.202-Trafo 1;MV2.101 Bus 6_1_1;LV5.202 Bus 73_1;0.63 MVA 20/0.4 kV Dyn5 ASEA;0;0;NULL;100;NULL;LV5.202;6
MV2.101-LV5.203-Trafo 1;MV2.101 Bus 9_1_1;LV5.203 Bus 73_1;0.63 MVA 20/0.4 kV Dyn5 ASEA;0;0;NULL;100;NULL;LV5.203;6
MV2.101-LV5.204-Trafo 1;MV2.101 Bus 14_1_1;LV5.204 Bus 73_1;0.63 MVA 20/0.4 kV Dyn5 ASEA;0;0;NULL;100;NULL;LV5.204;6
MV2.101-LV5.205-Trafo 1;MV2.101 Bus 15_1_1;LV5.205 Bus 73_1;0.63 MVA 20/0.4 kV Dyn5 ASEA;0;0;NULL;100;NULL;LV5.205;6
MV2.101-LV5.206-Trafo 1;MV2.101 Bus 16_1_1;LV5.206 Bus 73_1;0.63 MVA 20/0.4 kV Dyn5 ASEA;0;0;NULL;100;NULL;LV5.206;6
MV2.101-LV5.207-Trafo 1;MV2.101 Bus 17_1_1;LV5.207 Bus 73_1;0.63 MVA 20/0.4 kV Dyn5 ASEA;0;0;NULL;100;NULL;LV5.207;6
MV2.101-LV5.208-Trafo 1;MV2.101 Bus 18_1_1;LV5.208 Bus 73_1;0.63 MVA 20/0.4 kV Dyn5 ASEA;0;0;NULL;100;NULL;LV5.208;6
MV2.101-LV5.209-Trafo 1;MV2.101 Bus 21_1_1;LV5.209 Bus 73_1;0.63 MVA 20/0.4 kV Dyn5 ASEA;0;0;NULL;100;NULL;LV5.209;6
MV2.101-LV5.210-Trafo 1;MV2.101 Bus 22_1_1;LV5.210 Bus 73_1;0.63 MVA 20/0.4 kV Dyn5 ASEA;0;0;NULL;100;NULL;LV5.210;6
MV2.101-LV5.211-Trafo 1;MV2.101 Bus 70_1_1;LV5.211 Bus 73_1;0.63 MVA 20/0.4 kV Dyn5 ASEA;0;0;NULL;100;NULL;LV5.211;6
MV2.101-LV5.212-Trafo 1;MV2.101 Bus 80_1_1;LV5.212 Bus 73_1;0.63 MVA 20/0.4 kV Dyn5 ASEA;0;0;NULL;100;NULL;LV5.212;6
MV2.101-LV5.213-Trafo 1;MV2.101 Bus 81_1_1;LV5.213 Bus 73_1;0.63 MVA 20/0.4 kV Dyn5 ASEA;0;0;NULL;100;NULL;LV5.213;6
MV2.101-LV5.214-Trafo 1;MV2.101 Bus 88_1_1;LV5.214 Bus 73_1;0.63 MVA 20/0.4 kV Dyn5 ASEA;0;0;NULL;100;NULL;LV5.214;6
MV2.101-LV5.215-Trafo 1;MV2.101 Bus 89_1_1;LV5.215 Bus 73_1;0.63 MVA 20/0.4 kV Dyn5 ASEA;0;0;NULL;100;NULL;LV5.215;6
MV2.101-LV5.216-Trafo 1;MV2.101 Bus 90_1_1;LV5.216 Bus 73_1;0.63 MVA 20/0.4 kV Dyn5 ASEA;0;0;NULL;100;NULL;LV5.216;6
MV2.101-LV5.217-Trafo 1;MV2.101 Bus 91_1_1;LV5.217 Bus 73_1;0.63 MVA 20/0.4 kV Dyn5 ASEA;0;0;NULL;100;NULL;LV5.217;6
MV2.101-LV5.218-Trafo 1;MV2.101 Bus 92_1_1;LV5.218 Bus 73_1;0.63 MVA 20/0.4 kV Dyn5 ASEA;0;0;NULL;100;NULL;LV5.218;6
MV2.101-LV5.219-Trafo 1;MV2.101 Bus 93_1_1;LV5.219 Bus 73_1;0.63 MVA 20/0.4 kV Dyn5 ASEA;0;0;NULL;100;NULL;LV5.219;6
MV2.101-LV5.220-Trafo 1;MV2.101 Bus 95_1_1;LV5.220 Bus 73_1;0.63 MVA 20/0.4 kV Dyn5 ASEA;0;0;NULL;100;NULL;LV5.220;6
MV2.101-LV5.221-Trafo 1;MV2.101 Bus 98_1_1;LV5.221 Bus 73_1;0.63 MVA 20/0.4 kV Dyn5 ASEA;0;0;NULL;100;NULL;LV5.221;6
MV2.101-LV5.222-Trafo 1;MV2.101 Bus 102_1_1;LV5.222 Bus 73_1;0.63 MVA 20/0.4 kV Dyn5 ASEA;0;0;NULL;100;NULL;LV5.222;6
MV2.101-LV5.223-Trafo 1;MV2.101 Bus 105_1_1;LV5.223 Bus 73_1;0.63 MVA 20/0.4 kV Dyn5 ASEA;0;0;NULL;100;NULL;LV5.223;6
MV2.101-LV6.201-Trafo 1;MV2.101 Bus 4_1_1;LV6.201 Bus 9_2;0.63 MVA 20/0.4 kV Dyn5 ASEA;0;0;NULL;100;NULL;LV6.201;6
MV2.101-LV6.202-Trafo 1;MV2.101 Bus 87_1_1;LV6.202 Bus 9_2;0.63 MVA 20/0.4 kV Dyn5 ASEA;0;0;NULL;100;NULL;LV6.202;6
MV3.101-LV3.301-Trafo;MV3.101 Bus 119_1_1;LV3.301 Bus 16_6;0.4 MVA 10/0.4 kV Dyn5 ASEA;-1;0;NULL;100;NULL;LV3.301;6
MV3.101-LV3.302-Trafo;MV3.101 Bus 120_1_1;LV3.302 Bus 16_6;0.4 MVA 10/0.4 kV Dyn5 ASEA;-1;0;NULL;100;NULL;LV3.302;6
MV3.101-LV3.303-Trafo;MV3.101 Bus 121_1_1;LV3.303 Bus 16_6;0.4 MVA 10/0.4 kV Dyn5 ASEA;-1;0;NULL;100;NULL;LV3.303;6
MV3.101-LV3.304-Trafo;MV3.101 Bus 125_1_1;LV3.304 Bus 16_6;0.4 MVA 10/0.4 kV Dyn5 ASEA;-1;0;NULL;100;NULL;LV3.304;6
MV3.101-LV3.305-Trafo;MV3.101 Bus 132_1_1;LV3.305 Bus 16_6;0.4 MVA 10/0.4 kV Dyn5 ASEA;-1;0;NULL;100;NULL;LV3.305;6
MV3.101-LV3.306-Trafo;MV3.101 Bus 134_1_1;LV3.306 Bus 16_6;0.4 MVA 10/0.4 kV Dyn5 ASEA;-1;0;NULL;100;NULL;LV3.306;6
MV3.101-LV3.307-Trafo;MV3.101 Bus 138_1_1;LV3.307 Bus 16_6;0.4 MVA 10/0.4 kV Dyn5 ASEA;-1;0;NULL;100;NULL;LV3.307;6
MV3.101-LV3.308-Trafo;MV3.101 Bus 141_1_1;LV3.308 Bus 16_6;0.4 MVA 10/0.4 kV Dyn5 ASEA;-1;0;NULL;100;NULL;LV3.308;6
MV3.101-LV3.309-Trafo;MV3.101 Bus 143_1_1;LV3.309 Bus 16_6;0.4 MVA 10/0.4 kV Dyn5 ASEA;-1;0;NULL;100;NULL;LV3.309;6
MV3.101-LV4.301-Trafo 1;MV3.101 Bus 11_1_1;LV4.301 Bus 32_3;0.4 MVA 10/0.4 kV Dyn5 ASEA;0;0;NULL;100;NULL;LV4.301;6
MV3.101-LV4.302-Trafo 1;MV3.101 Bus 12_1_1;LV4.302 Bus 32_3;0.4 MVA 10/0.4 kV Dyn5 ASEA;0;0;NULL;100;NULL;LV4.302;6
MV3.101-LV4.303-Trafo 1;MV3.101 Bus 14_1_1;LV4.303 Bus 32_3;0.4 MVA 10/0.4 kV Dyn5 ASEA;0;0;NULL;100;NULL;LV4.303;6
MV3.101-LV4.304-Trafo 1;MV3.101 Bus 15_1_1;LV4.304 Bus 32_3;0.4 MVA 10/0.4 kV Dyn5 ASEA;0;0;NULL;100;NULL;LV4.304;6
MV3.101-LV4.305-Trafo 1;MV3.101 Bus 20_1_1;LV4.305 Bus 32_3;0.4 MVA 10/0.4 kV Dyn5 ASEA;0;0;NULL;100;NULL;LV4.305;6
MV3.101-LV4.306-Trafo 1;MV3.101 Bus 22_1_1;LV4.306 Bus 32_3;0.4 MVA 10/0.4 kV Dyn5 ASEA;0;0;NULL;100;NULL;LV4.306;6
MV3.101-LV4.307-Trafo 1;MV3.101 Bus 25_1_1;LV4.307 Bus 32_3;0.4 MVA 10/0.4 kV Dyn5 ASEA;0;0;NULL;100;NULL;LV4.307;6
MV3.101-LV4.308-Trafo 1;MV3.101 Bus 26_1_1;LV4.308 Bus 32_3;0.4 MVA 10/0.4 kV Dyn5 ASEA;0;0;NULL;100;NULL;LV4.308;6
MV3.101-LV4.309-Trafo 1;MV3.101 Bus 28_1_1;LV4.309 Bus 32_3;0.4 MVA 10/0.4 kV Dyn5 ASEA;0;0;NULL;100;NULL;LV4.309;6
MV3.101-LV4.310-Trafo 1;MV3.101 Bus 29_1_1;LV4.310 Bus 32_3;0.4 MVA 10/0.4 kV Dyn5 ASEA;0;0;NULL;100;NULL;LV4.310;6
MV3.101-LV4.311-Trafo 1;MV3.101 Bus 30_1_1;LV4.311 Bus 32_3;0.4 MVA 10/0.4 kV Dyn5 ASEA;0;0;NULL;100;NULL;LV4.311;6
MV3.101-LV4.312-Trafo 1;MV3.101 Bus 33_1_1;LV4.312 Bus 32_3;0.4 MVA 10/0.4 kV Dyn5 ASEA;0;0;NULL;100;NULL;LV4.312;6
MV3.101-LV4.313-Trafo 1;MV3.101 Bus 38_1_1;LV4.313 Bus 32_3;0.4 MVA 10/0.4 kV Dyn5 ASEA;0;0;NULL;100;NULL;LV4.313;6
MV3.101-LV4.314-Trafo 1;MV3.101 Bus 39_1_1;LV4.314 Bus 32_3;0.4 MVA 10/0.4 kV Dyn5 ASEA;0;0;NULL;100;NULL;LV4.314;6
MV3.101-LV4.315-Trafo 1;MV3.101 Bus 45_1_1;LV4.315 Bus 32_3;0.4 MVA 10/0.4 kV Dyn5 ASEA;0;0;NULL;100;NULL;LV4.315;6
MV3.101-LV4.316-Trafo 1;MV3.101 Bus 60_1_1;LV4.316 Bus 32_3;0.4 MVA 10/0.4 kV Dyn5 ASEA;0;0;NULL;100;NULL;LV4.316;6
MV3.101-LV4.317-Trafo 1;MV3.101 Bus 62_1_1;LV4.317 Bus 32_3;0.4 MVA 10/0.4 kV Dyn5 ASEA;0;0;NULL;100;NULL;LV4.317;6
MV3.101-LV4.318-Trafo 1;MV3.101 Bus 67_1_1;LV4.318 Bus 32_3;0.4 MVA 10/0.4 kV Dyn5 ASEA;0;0;NULL;100;NULL;LV4.318;6
MV3.101-LV4.319-Trafo 1;MV3.101 Bus 74_1_1;LV4.319 Bus 32_3;0.4 MVA 10/0.4 kV Dyn5 ASEA;0;0;NULL;100;NULL;LV4.319;6
MV3.101-LV4.320-Trafo 1;MV3.101 Bus 75_1_1;LV4.320 Bus 32_3;0.4 MVA 10/0.4 kV Dyn5 ASEA;0;0;NULL;100;NULL;LV4.320;6
MV3.101-LV4.321-Trafo 1;MV3.101 Bus 78_1_1;LV4.321 Bus 32_3;0.4 MVA 10/0.4 kV Dyn5 ASEA;0;0;NULL;100;NULL;LV4.321;6
MV3.101-LV4.322-Trafo 1;MV3.101 Bus 79_1_1;LV4.322 Bus 32_3;0.4 MVA 10/0.4 kV Dyn5 ASEA;0;0;NULL;100;NULL;LV4.322;6
MV3.101-LV4.323-Trafo 1;MV3.101 Bus 91_1_1;LV4.323 Bus 32_3;0.4 MVA 10/0.4 kV Dyn5 ASEA;0;0;NULL;100;NULL;LV4.323;6
MV3.101-LV4.324-Trafo 1;MV3.101 Bus 95_1_1;LV4.324 Bus 32_3;0.4 MVA 10/0.4 kV Dyn5 ASEA;0;0;NULL;100;NULL;LV4.324;6
MV3.101-LV4.325-Trafo 1;MV3.101 Bus 97_1_1;LV4.325 Bus 32_3;0.4 MVA 10/0.4 kV Dyn5 ASEA;0;0;NULL;100;NULL;LV4.325;6
MV3.101-LV4.326-Trafo 1;MV3.101 Bus 102_1_1;LV4.326 Bus 32_3;0.4 MVA 10/0.4 kV Dyn5 ASEA;0;0;NULL;100;NULL;LV4.326;6
MV3.101-LV4.327-Trafo 1;MV3.101 Bus 103_1_1;LV4.327 Bus 32_3;0.4 MVA 10/0.4 kV Dyn5 ASEA;0;0;NULL;100;NULL;LV4.327;6
MV3.101-LV4.328-Trafo 1;MV3.101 Bus 104_1_1;LV4.328 Bus 32_3;0.4 MVA 10/0.4 kV Dyn5 ASEA;0;0;NULL;100;NULL;LV4.328;6
MV3.101-LV4.329-Trafo 1;MV3.101 Bus 106_1_1;LV4.329 Bus 32_3;0.4 MVA 10/0.4 kV Dyn5 ASEA;0;0;NULL;100;NULL;LV4.329;6
MV3.101-LV4.330-Trafo 1;MV3.101 Bus 107_1_1;LV4.330 Bus 32_3;0.4 MVA 10/0.4 kV Dyn5 ASEA;0;0;NULL;100;NULL;LV4.330;6
MV3.101-LV4.331-Trafo 1;MV3.101 Bus 109_1_1;LV4.331 Bus 32_3;0.4 MVA 10/0.4 kV Dyn5 ASEA;0;0;NULL;100;NULL;LV4.331;6
MV3.101-LV4.332-Trafo 1;MV3.101 Bus 113_1_1;LV4.332 Bus 32_3;0.4 MVA 10/0.4 kV Dyn5 ASEA;0;0;NULL;100;NULL;LV4.332;6
MV3.101-LV4.333-Trafo 1;MV3.101 Bus 122_1_1;LV4.333 Bus 32_3;0.4 MVA 10/0.4 kV Dyn5 ASEA;0;0;NULL;100;NULL;LV4.333;6
MV3.101-LV4.334-Trafo 1;MV3.101 Bus 124_1_1;LV4.334 Bus 32_3;0.4 MVA 10/0.4 kV Dyn5 ASEA;0;0;NULL;100;NULL;LV4.334;6
MV3.101-LV4.335-Trafo 1;MV3.101 Bus 129_1_1;LV4.335 Bus 32_3;0.4 MVA 10/0.4 kV Dyn5 ASEA;0;0;NULL;100;NULL;LV4.335;6
MV3.101-LV4.336-Trafo 1;MV3.101 Bus 131_1_1;LV4.336 Bus 32_3;0.4 MVA 10/0.4 kV Dyn5 ASEA;0;0;NULL;100;NULL;LV4.336;6
MV3.101-LV4.337-Trafo 1;MV3.101 Bus 133_1_1;LV4.337 Bus 32_3;0.4 MVA 10/0.4 kV Dyn5 ASEA;0;0;NULL;100;NULL;LV4.337;6
MV3.101-LV4.338-Trafo 1;MV3.101 Bus 136_1_1;LV4.338 Bus 32_3;0.4 MVA 10/0.4 kV Dyn5 ASEA;0;0;NULL;100;NULL;LV4.338;6
MV3.101-LV4.339-Trafo 1;MV3.101 Bus 137_1_1;LV4.339 Bus 32_3;0.4 MVA 10/0.4 kV Dyn5 ASEA;0;0;NULL;100;NULL;LV4.339;6
MV3.101-LV4.340-Trafo 1;MV3.101 Bus 139_1_1;LV4.340 Bus 32_3;0.4 MVA 10/0.4 kV Dyn5 ASEA;0;0;NULL;100;NULL;LV4.340;6
MV3.101-LV4.341-Trafo 1;MV3.101 Bus 140_1_1;LV4.341 Bus 32_3;0.4 MVA 10/0.4 kV Dyn5 ASEA;0;0;NULL;100;NULL;LV4.341;6
MV3.101-LV4.342-Trafo 1;MV3.101 Bus 142_1_1;LV4.342 Bus 32_3;0.4 MVA 10/0.4 kV Dyn5 ASEA;0;0;NULL;100;NULL;LV4.342;6
MV3.101-LV5.301-Trafo 1;MV3.101 Bus 16_1_1;LV5.301 Bus 73_1;0.63 MVA 10/0.4 kV Dyn5 ASEA;0;0;NULL;100;NULL;LV5.301;6
MV3.101-LV5.302-Trafo 1;MV3.101 Bus 17_1_1;LV5.302 Bus 73_1;0.63 MVA 10/0.4 kV Dyn5 ASEA;0;0;NULL;100;NULL;LV5.302;6
MV3.101-LV5.303-Trafo 1;MV3.101 Bus 19_1_1;LV5.303 Bus 73_1;0.63 MVA 10/0.4 kV Dyn5 ASEA;0;0;NULL;100;NULL;LV5.303;6
MV3.101-LV5.304-Trafo 1;MV3.101 Bus 23_1_1;LV5.304 Bus 73_1;0.63 MVA 10/0.4 kV Dyn5 ASEA;0;0;NULL;100;NULL;LV5.304;6
MV3.101-LV5.305-Trafo 1;MV3.101 Bus 24_1_1;LV5.305 Bus 73_1;0.63 MVA 10/0.4 kV Dyn5 ASEA;0;0;NULL;100;NULL;LV5.305;6
MV3.101-LV5.306-Trafo 1;MV3.101 Bus 27_1_1;LV5.306 Bus 73_1;0.63 MVA 10/0.4 kV Dyn5 ASEA;0;0;NULL;100;NULL;LV5.306;6
MV3.101-LV5.307-Trafo 1;MV3.101 Bus 31_1_1;LV5.307 Bus 73_1;0.63 MVA 10/0.4 kV Dyn5 ASEA;0;0;NULL;100;NULL;LV5.307;6
MV3.101-LV5.308-Trafo 1;MV3.101 Bus 34_1_1;LV5.308 Bus 73_1;0.63 MVA 10/0.4 kV Dyn5 ASEA;0;0;NULL;100;NULL;LV5.308;6
MV3.101-LV5.309-Trafo 1;MV3.101 Bus 40_1_1;LV5.309 Bus 73_1;0.63 MVA 10/0.4 kV Dyn5 ASEA;0;0;NULL;100;NULL;LV5.309;6
MV3.101-LV5.310-Trafo 1;MV3.101 Bus 41_1_1;LV5.310 Bus 73_1;0.63 MVA 10/0.4 kV Dyn5 ASEA;0;0;NULL;100;NULL;LV5.310;6
MV3.101-LV5.311-Trafo 1;MV3.101 Bus 42_1_1;LV5.311 Bus 73_1;0.63 MVA 10/0.4 kV Dyn5 ASEA;0;0;NULL;100;NULL;LV5.311;6
MV3.101-LV5.312-Trafo 1;MV3.101 Bus 43_1_1;LV5.312 Bus 73_1;0.63 MVA 10/0.4 kV Dyn5 ASEA;0;0;NULL;100;NULL;LV5.312;6
MV3.101-LV5.313-Trafo 1;MV3.101 Bus 44_1_1;LV5.313 Bus 73_1;0.63 MVA 10/0.4 kV Dyn5 ASEA;0;0;NULL;100;NULL;LV5.313;6
MV3.101-LV5.314-Trafo 1;MV3.101 Bus 46_1_1;LV5.314 Bus 73_1;0.63 MVA 10/0.4 kV Dyn5 ASEA;0;0;NULL;100;NULL;LV5.314;6
MV3.101-LV5.315-Trafo 1;MV3.101 Bus 47_1_1;LV5.315 Bus 73_1;0.63 MVA 10/0.4 kV Dyn5 ASEA;0;0;NULL;100;NULL;LV5.315;6
MV3.101-LV5.316-Trafo 1;MV3.101 Bus 48_1_1;LV5.316 Bus 73_1;0.63 MVA 10/0.4 kV Dyn5 ASEA;0;0;NULL;100;NULL;LV5.316;6
MV3.101-LV5.317-Trafo 1;MV3.101 Bus 51_1_1;LV5.317 Bus 73_1;0.63 MVA 10/0.4 kV Dyn5 ASEA;0;0;NULL;100;NULL;LV5.317;6
MV3.101-LV5.318-Trafo 1;MV3.101 Bus 54_1_1;LV5.318 Bus 73_1;0.63 MVA 10/0.4 kV Dyn5 ASEA;0;0;NULL;100;NULL;LV5.318;6
MV3.101-LV5.319-Trafo 1;MV3.101 Bus 55_1_1;LV5.319 Bus 73_1;0.63 MVA 10/0.4 kV Dyn5 ASEA;0;0;NULL;100;NULL;LV5.319;6
MV3.101-LV5.320-Trafo 1;MV3.101 Bus 59_1_1;LV5.320 Bus 73_1;0.63 MVA 10/0.4 kV Dyn5 ASEA;0;0;NULL;100;NULL;LV5.320;6
MV3.101-LV5.321-Trafo 1;MV3.101 Bus 64_1_1;LV5.321 Bus 73_1;0.63 MVA 10/0.4 kV Dyn5 ASEA;0;0;NULL;100;NULL;LV5.321;6
MV3.101-LV5.322-Trafo 1;MV3.101 Bus 71_1_1;LV5.322 Bus 73_1;0.63 MVA 10/0.4 kV Dyn5 ASEA;0;0;NULL;100;NULL;LV5.322;6
MV3.101-LV5.323-Trafo 1;MV3.101 Bus 72_1_1;LV5.323 Bus 73_1;0.63 MVA 10/0.4 kV Dyn5 ASEA;0;0;NULL;100;NULL;LV5.323;6
MV3.101-LV5.324-Trafo 1;MV3.101 Bus 73_1_1;LV5.324 Bus 73_1;0.63 MVA 10/0.4 kV Dyn5 ASEA;0;0;NULL;100;NULL;LV5.324;6
MV3.101-LV5.325-Trafo 1;MV3.101 Bus 77_1_1;LV5.325 Bus 73_1;0.63 MVA 10/0.4 kV Dyn5 ASEA;0;0;NULL;100;NULL;LV5.325;6
MV3.101-LV5.326-Trafo 1;MV3.101 Bus 81_1_1;LV5.326 Bus 73_1;0.63 MVA 10/0.4 kV Dyn5 ASEA;0;0;NULL;100;NULL;LV5.326;6
MV3.101-LV5.327-Trafo 1;MV3.101 Bus 82_1_1;LV5.327 Bus 73_1;0.63 MVA 10/0.4 kV Dyn5 ASEA;0;0;NULL;100;NULL;LV5.327;6
MV3.101-LV5.328-Trafo 1;MV3.101 Bus 84_1_1;LV5.328 Bus 73_1;0.63 MVA 10/0.4 kV Dyn5 ASEA;0;0;NULL;100;NULL;LV5.328;6
MV3.101-LV5.329-Trafo 1;MV3.101 Bus 85_1_1;LV5.329 Bus 73_1;0.63 MVA 10/0.4 kV Dyn5 ASEA;0;0;NULL;100;NULL;LV5.329;6
MV3.101-LV5.330-Trafo 1;MV3.101 Bus 86_1_1;LV5.330 Bus 73_1;0.63 MVA 10/0.4 kV Dyn5 ASEA;0;0;NULL;100;NULL;LV5.330;6
MV3.101-LV5.331-Trafo 1;MV3.101 Bus 88_1_1;LV5.331 Bus 73_1;0.63 MVA 10/0.4 kV Dyn5 ASEA;0;0;NULL;100;NULL;LV5.331;6
MV3.101-LV5.332-Trafo 1;MV3.101 Bus 90_1_1;LV5.332 Bus 73_1;0.63 MVA 10/0.4 kV Dyn5 ASEA;0;0;NULL;100;NULL;LV5.332;6
MV3.101-LV5.333-Trafo 1;MV3.101 Bus 96_1_1;LV5.333 Bus 73_1;0.63 MVA 10/0.4 kV Dyn5 ASEA;0;0;NULL;100;NULL;LV5.333;6
MV3.101-LV5.334-Trafo 1;MV3.101 Bus 98_1_1;LV5.334 Bus 73_1;0.63 MVA 10/0.4 kV Dyn5 ASEA;0;0;NULL;100;NULL;LV5.334;6
MV3.101-LV5.335-Trafo 1;MV3.101 Bus 99_1_1;LV5.335 Bus 73_1;0.63 MVA 10/0.4 kV Dyn5 ASEA;0;0;NULL;100;NULL;LV5.335;6
MV3.101-LV5.336-Trafo 1;MV3.101 Bus 101_1_1;LV5.336 Bus 73_1;0.63 MVA 10/0.4 kV Dyn5 ASEA;0;0;NULL;100;NULL;LV5.336;6
MV3.101-LV5.337-Trafo 1;MV3.101 Bus 105_1_1;LV5.337 Bus 73_1;0.63 MVA 10/0.4 kV Dyn5 ASEA;0;0;NULL;100;NULL;LV5.337;6
MV3.101-LV5.338-Trafo 1;MV3.101 Bus 108_1_1;LV5.338 Bus 73_1;0.63 MVA 10/0.4 kV Dyn5 ASEA;0;0;NULL;100;NULL;LV5.338;6
MV3.101-LV5.339-Trafo 1;MV3.101 Bus 110_1_1;LV5.339 Bus 73_1;0.63 MVA 10/0.4 kV Dyn5 ASEA;0;0;NULL;100;NULL;LV5.339;6
MV3.101-LV5.340-Trafo 1;MV3.101 Bus 111_1_1;LV5.340 Bus 73_1;0.63 MVA 10/0.4 kV Dyn5 ASEA;0;0;NULL;100;NULL;LV5.340;6
MV3.101-LV5.341-Trafo 1;MV3.101 Bus 112_1_1;LV5.341 Bus 73_1;0.63 MVA 10/0.4 kV Dyn5 ASEA;0;0;NULL;100;NULL;LV5.341;6
MV3.101-LV5.342-Trafo 1;MV3.101 Bus 115_1_1;LV5.342 Bus 73_1;0.63 MVA 10/0.4 kV Dyn5 ASEA;0;0;NULL;100;NULL;LV5.342;6
MV3.101-LV5.343-Trafo 1;MV3.101 Bus 117_1_1;LV5.343 Bus 73_1;0.63 MVA 10/0.4 kV Dyn5 ASEA;0;0;NULL;100;NULL;LV5.343;6
MV3.101-LV5.344-Trafo 1;MV3.101 Bus 118_1_1;LV5.344 Bus 73_1;0.63 MVA 10/0.4 kV Dyn5 ASEA;0;0;NULL;100;NULL;LV5.344;6
MV3.101-LV5.345-Trafo 1;MV3.101 Bus 123_1_1;LV5.345 Bus 73_1;0.63 MVA 10/0.4 kV Dyn5 ASEA;0;0;NULL;100;NULL;LV5.345;6
MV3.101-LV5.346-Trafo 1;MV3.101 Bus 126_1_1;LV5.346 Bus 73_1;0.63 MVA 10/0.4 kV Dyn5 ASEA;0;0;NULL;100;NULL;LV5.346;6
MV3.101-LV5.347-Trafo 1;MV3.101 Bus 127_1_1;LV5.347 Bus 73_1;0.63 MVA 10/0.4 kV Dyn5 ASEA;0;0;NULL;100;NULL;LV5.347;6
MV3.101-LV5.348-Trafo 1;MV3.101 Bus 128_1_1;LV5.348 Bus 73_1;0.63 MVA 10/0.4 kV Dyn5 ASEA;0;0;NULL;100;NULL;LV5.348;6
MV3.101-LV5.349-Trafo 1;MV3.101 Bus 130_1_1;LV5.349 Bus 73_1;0.63 MVA 10/0.4 kV Dyn5 ASEA;0;0;NULL;100;NULL;LV5.349;6
MV3.101-LV5.350-Trafo 1;MV3.101 Bus 135_1_1;LV5.350 Bus 73_1;0.63 MVA 10/0.4 kV Dyn5 ASEA;0;0;NULL;100;NULL;LV5.350;6
MV3.101-LV6.301-Trafo 1;MV3.101 Bus 13_1_1;LV6.301 Bus 9_2;0.63 MVA 10/0.4 kV Dyn5 ASEA;0;0;NULL;100;NULL;LV6.301;6
MV3.101-LV6.302-Trafo 1;MV3.101 Bus 18_1_1;LV6.302 Bus 9_2;0.63 MVA 10/0.4 kV Dyn5 ASEA;0;0;NULL;100;NULL;LV6.302;6
MV3.101-LV6.303-Trafo 1;MV3.101 Bus 21_1_1;LV6.303 Bus 9_2;0.63 MVA 10/0.4 kV Dyn5 ASEA;0;0;NULL;100;NULL;LV6.303;6
MV3.101-LV6.304-Trafo 1;MV3.101 Bus 32_1_1;LV6.304 Bus 9_2;0.63 MVA 10/0.4 kV Dyn5 ASEA;0;0;NULL;100;NULL;LV6.304;6
MV3.101-LV6.305-Trafo 1;MV3.101 Bus 35_1_1;LV6.305 Bus 9_2;0.63 MVA 10/0.4 kV Dyn5 ASEA;0;0;NULL;100;NULL;LV6.305;6
MV3.101-LV6.306-Trafo 1;MV3.101 Bus 36_1_1;LV6.306 Bus 9_2;0.63 MVA 10/0.4 kV Dyn5 ASEA;0;0;NULL;100;NULL;LV6.306;6
MV3.101-LV6.307-Trafo 1;MV3.101 Bus 37_1_1;LV6.307 Bus 9_2;0.63 MVA 10/0.4 kV Dyn5 ASEA;0;0;NULL;100;NULL;LV6.307;6
MV3.101-LV6.308-Trafo 1;MV3.101 Bus 49_1_1;LV6.308 Bus 9_2;0.63 MVA 10/0.4 kV Dyn5 ASEA;0;0;NULL;100;NULL;LV6.308;6
MV3.101-LV6.309-Trafo 1;MV3.101 Bus 50_1_1;LV6.309 Bus 9_2;0.63 MVA 10/0.4 kV Dyn5 ASEA;0;0;NULL;100;NULL;LV6.309;6
MV3.101-LV6.310-Trafo 1;MV3.101 Bus 52_1_1;LV6.310 Bus 9_2;0.63 MVA 10/0.4 kV Dyn5 ASEA;0;0;NULL;100;NULL;LV6.310;6
MV3.101-LV6.311-Trafo 1;MV3.101 Bus 53_1_1;LV6.311 Bus 9_2;0.63 MVA 10/0.4 kV Dyn5 ASEA;0;0;NULL;100;NULL;LV6.311;6
MV3.101-LV6.312-Trafo 1;MV3.101 Bus 56_1_1;LV6.312 Bus 9_2;0.63 MVA 10/0.4 kV Dyn5 ASEA;0;0;NULL;100;NULL;LV6.312;6
MV3.101-LV6.313-Trafo 1;MV3.101 Bus 57_1_1;LV6.313 Bus 9_2;0.63 MVA 10/0.4 kV Dyn5 ASEA;0;0;NULL;100;NULL;LV6.313;6
MV3.101-LV6.314-Trafo 1;MV3.101 Bus 58_1_1;LV6.314 Bus 9_2;0.63 MVA 10/0.4 kV Dyn5 ASEA;0;0;NULL;100;NULL;LV6.314;6
MV3.101-LV6.315-Trafo 1;MV3.101 Bus 61_1_1;LV6.315 Bus 9_2;0.63 MVA 10/0.4 kV Dyn5 ASEA;0;0;NULL;100;NULL;LV6.315;6
MV3.101-LV6.316-Trafo 1;MV3.101 Bus 63_1_1;LV6.316 Bus 9_2;0.63 MVA 10/0.4 kV Dyn5 ASEA;0;0;NULL;100;NULL;LV6.316;6
MV3.101-LV6.317-Trafo 1;MV3.101 Bus 65_1_1;LV6.317 Bus 9_2;0.63 MVA 10/0.4 kV Dyn5 ASEA;0;0;NULL;100;NULL;LV6.317;6
MV3.101-LV6.318-Trafo 1;MV3.101 Bus 66_1_1;LV6.318 Bus 9_2;0.63 MVA 10/0.4 kV Dyn5 ASEA;0;0;NULL;100;NULL;LV6.318;6
MV3.101-LV6.319-Trafo 1;MV3.101 Bus 68_1_1;LV6.319 Bus 9_2;0.63 MVA 10/0.4 kV Dyn5 ASEA;0;0;NULL;100;NULL;LV6.319;6
MV3.101-LV6.320-Trafo 1;MV3.101 Bus 69_1_1;LV6.320 Bus 9_2;0.63 MVA 10/0.4 kV Dyn5 ASEA;0;0;NULL;100;NULL;LV6.320;6
MV3.101-LV6.321-Trafo 1;MV3.101 Bus 70_1_1;LV6.321 Bus 9_2;0.63 MVA 10/0.4 kV Dyn5 ASEA;0;0;NULL;100;NULL;LV6.321;6
MV3.101-LV6.322-Trafo 1;MV3.101 Bus 76_1_1;LV6.322 Bus 9_2;0.63 MVA 10/0.4 kV Dyn5 ASEA;0;0;NULL;100;NULL;LV6.322;6
MV3.101-LV6.323-Trafo 1;MV3.101 Bus 80_1_1;LV6.323 Bus 9_2;0.63 MVA 10/0.4 kV Dyn5 ASEA;0;0;NULL;100;NULL;LV6.323;6
MV3.101-LV6.324-Trafo 1;MV3.101 Bus 83_1_1;LV6.324 Bus 9_2;0.63 MVA 10/0.4 kV Dyn5 ASEA;0;0;NULL;100;NULL;LV6.324;6
MV3.101-LV6.325-Trafo 1;MV3.101 Bus 87_1_1;LV6.325 Bus 9_2;0.63 MVA 10/0.4 kV Dyn5 ASEA;0;0;NULL;100;NULL;LV6.325;6
MV3.101-LV6.326-Trafo 1;MV3.101 Bus 89_1_1;LV6.326 Bus 9_2;0.63 MVA 10/0.4 kV Dyn5 ASEA;0;0;NULL;100;NULL;LV6.326;6
MV3.101-LV6.327-Trafo 1;MV3.101 Bus 92_1_1;LV6.327 Bus 9_2;0.63 MVA 10/0.4 kV Dyn5 ASEA;0;0;NULL;100;NULL;LV6.327;6
MV3.101-LV6.328-Trafo 1;MV3.101 Bus 93_1_1;LV6.328 Bus 9_2;0.63 MVA 10/0.4 kV Dyn5 ASEA;0;0;NULL;100;NULL;LV6.328;6
MV3.101-LV6.329-Trafo 1;MV3.101 Bus 94_1_1;LV6.329 Bus 9_2;0.63 MVA 10/0.4 kV Dyn5 ASEA;0;0;NULL;100;NULL;LV6.329;6
MV3.101-LV6.330-Trafo 1;MV3.101 Bus 100_1_1;LV6.330 Bus 9_2;0.63 MVA 10/0.4 kV Dyn5 ASEA;0;0;NULL;100;NULL;LV6.330;6
MV3.101-LV6.331-Trafo 1;MV3.101 Bus 114_1_1;LV6.331 Bus 9_2;0.63 MVA 10/0.4 kV Dyn5 ASEA;0;0;NULL;100;NULL;LV6.331;6
MV3.101-LV6.332-Trafo 1;MV3.101 Bus 116_1_1;LV6.332 Bus 9_2;0.63 MVA 10/0.4 kV Dyn5 ASEA;0;0;NULL;100;NULL;LV6.332;6
MV4.101-LV1.401-Trafo 1;MV4.101 Bus 49_1_1;LV1.401 Bus 4_5;0.16 MVA 20/0.4 kV DOTE 160/20  SGB;1;0;NULL;100;NULL;LV1.401;6
MV4.101-LV2.401-Trafo 1;MV4.101 Bus 8_1_1;LV2.401 Bus 19_3;0.25 MVA 20/0.4 kV Dyn5 ASEA;-1;0;NULL;100;NULL;LV2.401;6
MV4.101-LV2.402-Trafo 1;MV4.101 Bus 10_1_1;LV2.402 Bus 19_3;0.25 MVA 20/0.4 kV Dyn5 ASEA;-1;0;NULL;100;NULL;LV2.402;6
MV4.101-LV2.403-Trafo 1;MV4.101 Bus 11_1_1;LV2.403 Bus 19_3;0.25 MVA 20/0.4 kV Dyn5 ASEA;-1;0;NULL;100;NULL;LV2.403;6
MV4.101-LV2.404-Trafo 1;MV4.101 Bus 17_1_1;LV2.404 Bus 19_3;0.25 MVA 20/0.4 kV Dyn5 ASEA;-1;0;NULL;100;NULL;LV2.404;6
MV4.101-LV2.405-Trafo 1;MV4.101 Bus 18_1_1;LV2.405 Bus 19_3;0.25 MVA 20/0.4 kV Dyn5 ASEA;-1;0;NULL;100;NULL;LV2.405;6
MV4.101-LV2.406-Trafo 1;MV4.101 Bus 48_1_1;LV2.406 Bus 19_3;0.25 MVA 20/0.4 kV Dyn5 ASEA;-1;0;NULL;100;NULL;LV2.406;6
MV4.101-LV2.407-Trafo 1;MV4.101 Bus 50_1_1;LV2.407 Bus 19_3;0.25 MVA 20/0.4 kV Dyn5 ASEA;-1;0;NULL;100;NULL;LV2.407;6
MV4.101-LV2.408-Trafo 1;MV4.101 Bus 51_1_1;LV2.408 Bus 19_3;0.25 MVA 20/0.4 kV Dyn5 ASEA;-1;0;NULL;100;NULL;LV2.408;6
MV4.101-LV2.409-Trafo 1;MV4.101 Bus 87_1_1;LV2.409 Bus 19_3;0.25 MVA 20/0.4 kV Dyn5 ASEA;-1;0;NULL;100;NULL;LV2.409;6
MV4.101-LV3.401-Trafo;MV4.101 Bus 21_1_1;LV3.401 Bus 16_6;0.4 MVA 20/0.4 kV Dyn5 ASEA;-1;0;NULL;100;NULL;LV3.401;6
MV4.101-LV3.402-Trafo;MV4.101 Bus 39_1_1;LV3.402 Bus 16_6;0.4 MVA 20/0.4 kV Dyn5 ASEA;-1;0;NULL;100;NULL;LV3.402;6
MV4.101-LV3.403-Trafo;MV4.101 Bus 47_1_1;LV3.403 Bus 16_6;0.4 MVA 20/0.4 kV Dyn5 ASEA;-1;0;NULL;100;NULL;LV3.403;6
MV4.101-LV3.404-Trafo;MV4.101 Bus 52_1_1;LV3.404 Bus 16_6;0.4 MVA 20/0.4 kV Dyn5 ASEA;-1;0;NULL;100;NULL;LV3.404;6
MV4.101-LV3.405-Trafo;MV4.101 Bus 79_1_1;LV3.405 Bus 16_6;0.4 MVA 20/0.4 kV Dyn5 ASEA;-1;0;NULL;100;NULL;LV3.405;6
MV4.101-LV3.406-Trafo;MV4.101 Bus 88_1_1;LV3.406 Bus 16_6;0.4 MVA 20/0.4 kV Dyn5 ASEA;-1;0;NULL;100;NULL;LV3.406;6
MV4.101-LV4.401-Trafo 1;MV4.101 Bus 7_1_1;LV4.401 Bus 32_3;0.4 MVA 20/0.4 kV Dyn5 ASEA;0;0;NULL;100;NULL;LV4.401;6
MV4.101-LV4.402-Trafo 1;MV4.101 Bus 13_1_1;LV4.402 Bus 32_3;0.4 MVA 20/0.4 kV Dyn5 ASEA;0;0;NULL;100;NULL;LV4.402;6
MV4.101-LV4.403-Trafo 1;MV4.101 Bus 14_1_1;LV4.403 Bus 32_3;0.4 MVA 20/0.4 kV Dyn5 ASEA;0;0;NULL;100;NULL;LV4.403;6
MV4.101-LV4.404-Trafo 1;MV4.101 Bus 20_1_1;LV4.404 Bus 32_3;0.4 MVA 20/0.4 kV Dyn5 ASEA;0;0;NULL;100;NULL;LV4.404;6
MV4.101-LV4.405-Trafo 1;MV4.101 Bus 22_1_1;LV4.405 Bus 32_3;0.4 MVA 20/0.4 kV Dyn5 ASEA;0;0;NULL;100;NULL;LV4.405;6
MV4.101-LV4.406-Trafo 1;MV4.101 Bus 29_1_1;LV4.406 Bus 32_3;0.4 MVA 20/0.4 kV Dyn5 ASEA;0;0;NULL;100;NULL;LV4.406;6
MV4.101-LV4.407-Trafo 1;MV4.101 Bus 30_1_1;LV4.407 Bus 32_3;0.4 MVA 20/0.4 kV Dyn5 ASEA;0;0;NULL;100;NULL;LV4.407;6
MV4.101-LV4.408-Trafo 1;MV4.101 Bus 32_1_1;LV4.408 Bus 32_3;0.4 MVA 20/0.4 kV Dyn5 ASEA;0;0;NULL;100;NULL;LV4.408;6
MV4.101-LV4.409-Trafo 1;MV4.101 Bus 33_1_1;LV4.409 Bus 32_3;0.4 MVA 20/0.4 kV Dyn5 ASEA;0;0;NULL;100;NULL;LV4.409;6
MV4.101-LV4.410-Trafo 1;MV4.101 Bus 34_1_1;LV4.410 Bus 32_3;0.4 MVA 20/0.4 kV Dyn5 ASEA;0;0;NULL;100;NULL;LV4.410;6
MV4.101-LV4.411-Trafo 1;MV4.101 Bus 35_1_1;LV4.411 Bus 32_3;0.4 MVA 20/0.4 kV Dyn5 ASEA;0;0;NULL;100;NULL;LV4.411;6
MV4.101-LV4.412-Trafo 1;MV4.101 Bus 40_1_1;LV4.412 Bus 32_3;0.4 MVA 20/0.4 kV Dyn5 ASEA;0;0;NULL;100;NULL;LV4.412;6
MV4.101-LV4.413-Trafo 1;MV4.101 Bus 42_1_1;LV4.413 Bus 32_3;0.4 MVA 20/0.4 kV Dyn5 ASEA;0;0;NULL;100;NULL;LV4.413;6
MV4.101-LV4.414-Trafo 1;MV4.101 Bus 43_1_1;LV4.414 Bus 32_3;0.4 MVA 20/0.4 kV Dyn5 ASEA;0;0;NULL;100;NULL;LV4.414;6
MV4.101-LV4.415-Trafo 1;MV4.101 Bus 44_1_1;LV4.415 Bus 32_3;0.4 MVA 20/0.4 kV Dyn5 ASEA;0;0;NULL;100;NULL;LV4.415;6
MV4.101-LV4.416-Trafo 1;MV4.101 Bus 55_1_1;LV4.416 Bus 32_3;0.4 MVA 20/0.4 kV Dyn5 ASEA;0;0;NULL;100;NULL;LV4.416;6
MV4.101-LV4.417-Trafo 1;MV4.101 Bus 56_1_1;LV4.417 Bus 32_3;0.4 MVA 20/0.4 kV Dyn5 ASEA;0;0;NULL;100;NULL;LV4.417;6
MV4.101-LV4.418-Trafo 1;MV4.101 Bus 76_1_1;LV4.418 Bus 32_3;0.4 MVA 20/0.4 kV Dyn5 ASEA;0;0;NULL;100;NULL;LV4.418;6
MV4.101-LV4.419-Trafo 1;MV4.101 Bus 78_1_1;LV4.419 Bus 32_3;0.4 MVA 20/0.4 kV Dyn5 ASEA;0;0;NULL;100;NULL;LV4.419;6
MV4.101-LV4.420-Trafo 1;MV4.101 Bus 80_1_1;LV4.420 Bus 32_3;0.4 MVA 20/0.4 kV Dyn5 ASEA;0;0;NULL;100;NULL;LV4.420;6
MV4.101-LV4.421-Trafo 1;MV4.101 Bus 81_1_1;LV4.421 Bus 32_3;0.4 MVA 20/0.4 kV Dyn5 ASEA;0;0;NULL;100;NULL;LV4.421;6
MV4.101-LV4.422-Trafo 1;MV4.101 Bus 84_1_1;LV4.422 Bus 32_3;0.4 MVA 20/0.4 kV Dyn5 ASEA;0;0;NULL;100;NULL;LV4.422;6
MV4.101-LV4.423-Trafo 1;MV4.101 Bus 106_1_1;LV4.423 Bus 32_3;0.4 MVA 20/0.4 kV Dyn5 ASEA;0;0;NULL;100;NULL;LV4.423;6
MV4.101-LV5.401-Trafo 1;MV4.101 Bus 23_1_1;LV5.401 Bus 73_1;0.63 MVA 20/0.4 kV Dyn5 ASEA;0;0;NULL;100;NULL;LV5.401;6
MV4.101-LV5.402-Trafo 1;MV4.101 Bus 24_1_1;LV5.402 Bus 73_1;0.63 MVA 20/0.4 kV Dyn5 ASEA;0;0;NULL;100;NULL;LV5.402;6
MV4.101-LV5.403-Trafo 1;MV4.101 Bus 26_1_1;LV5.403 Bus 73_1;0.63 MVA 20/0.4 kV Dyn5 ASEA;0;0;NULL;100;NULL;LV5.403;6
MV4.101-LV5.404-Trafo 1;MV4.101 Bus 41_1_1;LV5.404 Bus 73_1;0.63 MVA 20/0.4 kV Dyn5 ASEA;0;0;NULL;100;NULL;LV5.404;6
MV4.101-LV5.405-Trafo 1;MV4.101 Bus 59_1_1;LV5.405 Bus 73_1;0.63 MVA 20/0.4 kV Dyn5 ASEA;0;0;NULL;100;NULL;LV5.405;6
MV4.101-LV5.406-Trafo 1;MV4.101 Bus 60_1_1;LV5.406 Bus 73_1;0.63 MVA 20/0.4 kV Dyn5 ASEA;0;0;NULL;100;NULL;LV5.406;6
MV4.101-LV5.407-Trafo 1;MV4.101 Bus 61_1_1;LV5.407 Bus 73_1;0.63 MVA 20/0.4 kV Dyn5 ASEA;0;0;NULL;100;NULL;LV5.407;6
MV4.101-LV5.408-Trafo 1;MV4.101 Bus 63_1_1;LV5.408 Bus 73_1;0.63 MVA 20/0.4 kV Dyn5 ASEA;0;0;NULL;100;NULL;LV5.408;6
MV4.101-LV5.409-Trafo 1;MV4.101 Bus 64_1_1;LV5.409 Bus 73_1;0.63 MVA 20/0.4 kV Dyn5 ASEA;0;0;NULL;100;NULL;LV5.409;6
MV4.101-LV5.410-Trafo 1;MV4.101 Bus 65_1_1;LV5.410 Bus 73_1;0.63 MVA 20/0.4 kV Dyn5 ASEA;0;0;NULL;100;NULL;LV5.410;6
MV4.101-LV5.411-Trafo 1;MV4.101 Bus 69_1_1;LV5.411 Bus 73_1;0.63 MVA 20/0.4 kV Dyn5 ASEA;0;0;NULL;100;NULL;LV5.411;6
MV4.101-LV5.412-Trafo 1;MV4.101 Bus 70_1_1;LV5.412 Bus 73_1;0.63 MVA 20/0.4 kV Dyn5 ASEA;0;0;NULL;100;NULL;LV5.412;6
MV4.101-LV5.413-Trafo 1;MV4.101 Bus 73_1_1;LV5.413 Bus 73_1;0.63 MVA 20/0.4 kV Dyn5 ASEA;0;0;NULL;100;NULL;LV5.413;6
MV4.101-LV5.414-Trafo 1;MV4.101 Bus 82_1_1;LV5.414 Bus 73_1;0.63 MVA 20/0.4 kV Dyn5 ASEA;0;0;NULL;100;NULL;LV5.414;6
MV4.101-LV5.415-Trafo 1;MV4.101 Bus 83_1_1;LV5.415 Bus 73_1;0.63 MVA 20/0.4 kV Dyn5 ASEA;0;0;NULL;100;NULL;LV5.415;6
MV4.101-LV5.416-Trafo 1;MV4.101 Bus 85_1_1;LV5.416 Bus 73_1;0.63 MVA 20/0.4 kV Dyn5 ASEA;0;0;NULL;100;NULL;LV5.416;6
MV4.101-LV5.417-Trafo 1;MV4.101 Bus 95_1_1;LV5.417 Bus 73_1;0.63 MVA 20/0.4 kV Dyn5 ASEA;0;0;NULL;100;NULL;LV5.417;6
MV4.101-LV5.418-Trafo 1;MV4.101 Bus 96_1_1;LV5.418 Bus 73_1;0.63 MVA 20/0.4 kV Dyn5 ASEA;0;0;NULL;100;NULL;LV5.418;6
MV4.101-LV5.419-Trafo 1;MV4.101 Bus 97_1_1;LV5.419 Bus 73_1;0.63 MVA 20/0.4 kV Dyn5 ASEA;0;0;NULL;100;NULL;LV5.419;6
MV4.101-LV5.420-Trafo 1;MV4.101 Bus 103_1_1;LV5.420 Bus 73_1;0.63 MVA 20/0.4 kV Dyn5 ASEA;0;0;NULL;100;NULL;LV5.420;6
MV4.101-LV5.421-Trafo 1;MV4.101 Bus 104_1_1;LV5.421 Bus 73_1;0.63 MVA 20/0.4 kV Dyn5 ASEA;0;0;NULL;100;NULL;LV5.421;6
MV4.101-LV5.422-Trafo 1;MV4.101 Bus 105_1_1;LV5.422 Bus 73_1;0.63 MVA 20/0.4 kV Dyn5 ASEA;0;0;NULL;100;NULL;LV5.422;6
MV4.101-LV6.401-Trafo 1;MV4.101 Bus 25_1_1;LV6.401 Bus 9_2;0.63 MVA 20/0.4 kV Dyn5 ASEA;0;0;NULL;100;NULL;LV6.401;6
MV4.101-LV6.402-Trafo 1;MV4.101 Bus 31_1_1;LV6.402 Bus 9_2;0.63 MVA 20/0.4 kV Dyn5 ASEA;0;0;NULL;100;NULL;LV6.402;6
MV4.101-LV6.403-Trafo 1;MV4.101 Bus 53_1_1;LV6.403 Bus 9_2;0.63 MVA 20/0.4 kV Dyn5 ASEA;0;0;NULL;100;NULL;LV6.403;6
MV4.101-LV6.404-Trafo 1;MV4.101 Bus 54_1_1;LV6.404 Bus 9_2;0.63 MVA 20/0.4 kV Dyn5 ASEA;0;0;NULL;100;NULL;LV6.404;6
MV4.101-LV6.405-Trafo 1;MV4.101 Bus 57_1_1;LV6.405 Bus 9_2;0.63 MVA 20/0.4 kV Dyn5 ASEA;0;0;NULL;100;NULL;LV6.405;6
MV4.101-LV6.406-Trafo 1;MV4.101 Bus 58_1_1;LV6.406 Bus 9_2;0.63 MVA 20/0.4 kV Dyn5 ASEA;0;0;NULL;100;NULL;LV6.406;6
MV4.101-LV6.407-Trafo 1;MV4.101 Bus 66_1_1;LV6.407 Bus 9_2;0.63 MVA 20/0.4 kV Dyn5 ASEA;0;0;NULL;100;NULL;LV6.407;6
MV4.101-LV6.408-Trafo 1;MV4.101 Bus 67_1_1;LV6.408 Bus 9_2;0.63 MVA 20/0.4 kV Dyn5 ASEA;0;0;NULL;100;NULL;LV6.408;6
MV4.101-LV6.409-Trafo 1;MV4.101 Bus 68_1_1;LV6.409 Bus 9_2;0.63 MVA 20/0.4 kV Dyn5 ASEA;0;0;NULL;100;NULL;LV6.409;6
MV4.101-LV6.410-Trafo 1;MV4.101 Bus 71_1_1;LV6.410 Bus 9_2;0.63 MVA 20/0.4 kV Dyn5 ASEA;0;0;NULL;100;NULL;LV6.410;6
MV4.101-LV6.411-Trafo 1;MV4.101 Bus 72_1_1;LV6.411 Bus 9_2;0.63 MVA 20/0.4 kV Dyn5 ASEA;0;0;NULL;100;NULL;LV6.411;6
MV4.101-LV6.412-Trafo 1;MV4.101 Bus 90_1_1;LV6.412 Bus 9_2;0.63 MVA 20/0.4 kV Dyn5 ASEA;0;0;NULL;100;NULL;LV6.412;6
MV4.101-LV6.413-Trafo 1;MV4.101 Bus 91_1_1;LV6.413 Bus 9_2;0.63 MVA 20/0.4 kV Dyn5 ASEA;0;0;NULL;100;NULL;LV6.413;6
MV4.101-LV6.414-Trafo 1;MV4.101 Bus 93_1_1;LV6.414 Bus 9_2;0.63 MVA 20/0.4 kV Dyn5 ASEA;0;0;NULL;100;NULL;LV6.414;6
MV4.101-LV6.415-Trafo 1;MV4.101 Bus 94_1_1;LV6.415 Bus 9_2;0.63 MVA 20/0.4 kV Dyn5 ASEA;0;0;NULL;100;NULL;LV6.415;6
MV4.101-LV6.416-Trafo 1;MV4.101 Bus 98_1_1;LV6.416 Bus 9_2;0.63 MVA 20/0.4 kV Dyn5 ASEA;0;0;NULL;100;NULL;LV6.416;6
MV4.101-LV6.417-Trafo 1;MV4.101 Bus 100_1_1;LV6.417 Bus 9_2;0.63 MVA 20/0.4 kV Dyn5 ASEA;0;0;NULL;100;NULL;LV6.417;6
MV4.101-LV6.418-Trafo 1;MV4.101 Bus 101_1_1;LV6.418 Bus 9_2;0.63 MVA 20/0.4 kV Dyn5 ASEA;0;0;NULL;100;NULL;LV6.418;6
